ID,Raw_Score_First,Theta_First,ss_first,Perf_First,Raw_Score_Last,Theta_Last,ss_last,Perf_Last,Growth,Growth_category
1,20,-3.02997,1182,Level 2,38,-3.02997,1482,Level 4,Level2|Level4,Y
2,36,0.09042,1448,Level 4,47,0.09042,1655,Level 4,Level4|Level4,Y
3,42,1.31973,1552,Level 4,44,1.31973,1590,Level 4,Level4|Level4,Y
4,24,-2.29479,1245,Level 2,31,-2.29479,1364,Level 3,Level2|Level3,Y
5,34,-0.303,1414,Level 3,40,-0.303,1516,Level 4,Level3|Level4,Y
6,33,-0.4999,1398,Level 3,35,-0.4999,1431,Level 3,Level3|Level3,N
7,38,0.48934,1482,Level 4,36,0.48934,1448,Level 4,Level4|Level4,Y
8,5,-7.52013,801,Level 1,6,-7.52013,801,Level 1,Level1|Level1,N
9,49,3.20105,1712,Level 4,42,3.20105,1552,Level 4,Level4|Level4,Y
10,22,-2.66958,1213,Level 2,33,-2.66958,1398,Level 3,Level2|Level3,Y
11,20,-3.02997,1182,Level 2,32,-3.02997,1381,Level 3,Level2|Level3,Y
12,30,-1.10109,1346,Level 3,35,-1.10109,1431,Level 3,Level3|Level3,N
13,35,-0.10659,1431,Level 3,48,-0.10659,1681,Level 4,Level3|Level4,Y
14,18,-3.37587,1153,Level 2,37,-3.37587,1465,Level 4,Level2|Level4,Y
15,23,-2.48391,1229,Level 2,49,-2.48391,1712,Level 4,Level2|Level4,Y
16,34,-0.303,1414,Level 3,48,-0.303,1681,Level 4,Level3|Level4,Y
17,23,-2.48391,1229,Level 2,41,-2.48391,1534,Level 4,Level2|Level4,Y
18,4,-7.52013,801,Level 1,7,-7.52013,801,Level 1,Level1|Level1,N
19,51,4.25021,1801,Level 4,40,4.25021,1516,Level 4,Level4|Level4,Y
20,9,-5.50812,972,Level 1,42,-5.50812,1552,Level 4,Level1|Level4,Y
21,49,3.20105,1712,Level 4,47,3.20105,1655,Level 4,Level4|Level4,Y
22,40,0.89761,1516,Level 4,47,0.89761,1655,Level 4,Level4|Level4,Y
23,2,-7.52013,801,Level 1,25,-7.52013,1261,Level 2,Level1|Level2,Y
24,27,-1.70813,1295,Level 3,51,-1.70813,1801,Level 4,Level3|Level4,Y
25,22,-2.66958,1213,Level 2,38,-2.66958,1482,Level 4,Level2|Level4,Y
26,14,-4.06526,1094,Level 1,38,-4.06526,1482,Level 4,Level1|Level4,Y
27,29,-1.30428,1329,Level 3,38,-1.30428,1482,Level 4,Level3|Level4,Y
28,25,-2.10236,1261,Level 2,27,-2.10236,1295,Level 3,Level2|Level3,Y
29,53,6.66696,2007,Level 4,52,6.66696,1883,Level 4,Level4|Level4,Y
30,32,-0.69832,1381,Level 3,43,-0.69832,1571,Level 4,Level3|Level4,Y
31,36,0.09042,1448,Level 4,47,0.09042,1655,Level 4,Level4|Level4,Y
32,36,0.09042,1448,Level 4,50,0.09042,1750,Level 4,Level4|Level4,Y
33,46,2.25709,1632,Level 4,50,2.25709,1750,Level 4,Level4|Level4,Y
34,38,0.48934,1482,Level 4,53,0.48934,2007,Level 4,Level4|Level4,Y
35,39,0.69212,1499,Level 4,35,0.69212,1431,Level 3,Level4|Level3,N
36,47,2.53253,1655,Level 4,44,2.53253,1590,Level 4,Level4|Level4,Y
37,13,-4.25868,1078,Level 1,40,-4.25868,1516,Level 4,Level1|Level4,Y
38,31,-0.89878,1364,Level 3,24,-0.89878,1245,Level 2,Level3|Level2,N
39,35,-0.10659,1431,Level 3,40,-0.10659,1516,Level 4,Level3|Level4,Y
40,16,-3.71394,1124,Level 2,31,-3.71394,1364,Level 3,Level2|Level3,Y
41,40,0.89761,1516,Level 4,42,0.89761,1552,Level 4,Level4|Level4,Y
42,17,-3.54499,1139,Level 2,32,-3.54499,1381,Level 3,Level2|Level3,Y
43,44,1.7659,1590,Level 4,46,1.7659,1632,Level 4,Level4|Level4,Y
44,26,-1.90673,1278,Level 3,18,-1.90673,1153,Level 2,Level3|Level2,N
45,37,0.28888,1465,Level 4,51,0.28888,1801,Level 4,Level4|Level4,Y
46,41,1.10648,1534,Level 4,49,1.10648,1712,Level 4,Level4|Level4,Y
47,35,-0.10659,1431,Level 3,49,-0.10659,1712,Level 4,Level3|Level4,Y
48,16,-3.71394,1124,Level 2,13,-3.71394,1078,Level 1,Level2|Level1,N
49,24,-2.29479,1245,Level 2,49,-2.29479,1712,Level 4,Level2|Level4,Y
50,37,0.28888,1465,Level 4,23,0.28888,1229,Level 2,Level4|Level2,N
51,16,-3.71394,1124,Level 2,20,-3.71394,1182,Level 2,Level2|Level2,N
52,20,-3.02997,1182,Level 2,27,-3.02997,1295,Level 3,Level2|Level3,Y
53,50,3.64646,1750,Level 4,50,3.64646,1750,Level 4,Level4|Level4,Y
54,31,-0.89878,1364,Level 3,43,-0.89878,1571,Level 4,Level3|Level4,Y
55,22,-2.66958,1213,Level 2,32,-2.66958,1381,Level 3,Level2|Level3,Y
56,18,-3.37587,1153,Level 2,21,-3.37587,1198,Level 2,Level2|Level2,N
57,21,-2.85165,1198,Level 2,28,-2.85165,1312,Level 3,Level2|Level3,Y
58,50,3.64646,1750,Level 4,46,3.64646,1632,Level 4,Level4|Level4,Y
59,27,-1.70813,1295,Level 3,27,-1.70813,1295,Level 3,Level3|Level3,N
60,40,0.89761,1516,Level 4,35,0.89761,1431,Level 3,Level4|Level3,N
61,15,-3.88586,1110,Level 1,9,-3.88586,972,Level 1,Level1|Level1,N
62,33,-0.4999,1398,Level 3,37,-0.4999,1465,Level 4,Level3|Level4,Y
63,41,1.10648,1534,Level 4,31,1.10648,1364,Level 3,Level4|Level3,N
64,9,-5.50812,972,Level 1,28,-5.50812,1312,Level 3,Level1|Level3,Y
65,10,-5.05711,1010,Level 1,33,-5.05711,1398,Level 3,Level1|Level3,Y
66,16,-3.71394,1124,Level 2,27,-3.71394,1295,Level 3,Level2|Level3,Y
67,35,-0.10659,1431,Level 3,40,-0.10659,1516,Level 4,Level3|Level4,Y
68,30,-1.10109,1346,Level 3,52,-1.10109,1883,Level 4,Level3|Level4,Y
69,22,-2.66958,1213,Level 2,27,-2.66958,1295,Level 3,Level2|Level3,Y
70,27,-1.70813,1295,Level 3,37,-1.70813,1465,Level 4,Level3|Level4,Y
71,28,-1.50703,1312,Level 3,31,-1.50703,1364,Level 3,Level3|Level3,N
72,14,-4.06526,1094,Level 1,17,-4.06526,1139,Level 2,Level1|Level2,Y
73,11,-4.73272,1038,Level 1,35,-4.73272,1431,Level 3,Level1|Level3,Y
74,8,-6.26205,908,Level 1,32,-6.26205,1381,Level 3,Level1|Level3,Y
75,35,-0.10659,1431,Level 3,35,-0.10659,1431,Level 3,Level3|Level3,N
76,46,2.25709,1632,Level 4,52,2.25709,1883,Level 4,Level4|Level4,Y
77,33,-0.4999,1398,Level 3,39,-0.4999,1499,Level 4,Level3|Level4,Y
78,13,-4.25868,1078,Level 1,28,-4.25868,1312,Level 3,Level1|Level3,Y
79,28,-1.50703,1312,Level 3,28,-1.50703,1312,Level 3,Level3|Level3,N
80,12,-4.47592,1060,Level 1,28,-4.47592,1312,Level 3,Level1|Level3,Y
81,17,-3.54499,1139,Level 2,43,-3.54499,1571,Level 4,Level2|Level4,Y
82,12,-4.47592,1060,Level 1,18,-4.47592,1153,Level 2,Level1|Level2,Y
83,6,-7.52013,801,Level 1,37,-7.52013,1465,Level 4,Level1|Level4,Y
84,36,0.09042,1448,Level 4,53,0.09042,2007,Level 4,Level4|Level4,Y
85,30,-1.10109,1346,Level 3,47,-1.10109,1655,Level 4,Level3|Level4,Y
86,26,-1.90673,1278,Level 3,49,-1.90673,1712,Level 4,Level3|Level4,Y
87,38,0.48934,1482,Level 4,47,0.48934,1655,Level 4,Level4|Level4,Y
88,45,2.00383,1610,Level 4,50,2.00383,1750,Level 4,Level4|Level4,Y
89,15,-3.88586,1110,Level 1,8,-3.88586,908,Level 1,Level1|Level1,N
90,19,-3.20457,1168,Level 2,42,-3.20457,1552,Level 4,Level2|Level4,Y
91,48,2.84106,1681,Level 4,51,2.84106,1801,Level 4,Level4|Level4,Y
92,26,-1.90673,1278,Level 3,44,-1.90673,1590,Level 4,Level3|Level4,Y
93,23,-2.48391,1229,Level 2,33,-2.48391,1398,Level 3,Level2|Level3,Y
94,34,-0.303,1414,Level 3,46,-0.303,1632,Level 4,Level3|Level4,Y
95,37,0.28888,1465,Level 4,49,0.28888,1712,Level 4,Level4|Level4,Y
96,10,-5.05711,1010,Level 1,14,-5.05711,1094,Level 1,Level1|Level1,N
97,30,-1.10109,1346,Level 3,42,-1.10109,1552,Level 4,Level3|Level4,Y
98,43,1.53885,1571,Level 4,51,1.53885,1801,Level 4,Level4|Level4,Y
99,23,-2.48391,1229,Level 2,39,-2.48391,1499,Level 4,Level2|Level4,Y
100,16,-3.71394,1124,Level 2,38,-3.71394,1482,Level 4,Level2|Level4,Y
101,46,2.25709,1632,Level 4,44,2.25709,1590,Level 4,Level4|Level4,Y
102,37,0.28888,1465,Level 4,24,0.28888,1245,Level 2,Level4|Level2,N
103,47,2.53253,1655,Level 4,39,2.53253,1499,Level 4,Level4|Level4,Y
104,42,1.31973,1552,Level 4,52,1.31973,1883,Level 4,Level4|Level4,Y
105,48,2.84106,1681,Level 4,47,2.84106,1655,Level 4,Level4|Level4,Y
106,46,2.25709,1632,Level 4,45,2.25709,1610,Level 4,Level4|Level4,Y
107,20,-3.02997,1182,Level 2,47,-3.02997,1655,Level 4,Level2|Level4,Y
108,30,-1.10109,1346,Level 3,47,-1.10109,1655,Level 4,Level3|Level4,Y
109,3,-7.52013,801,Level 1,21,-7.52013,1198,Level 2,Level1|Level2,Y
110,39,0.69212,1499,Level 4,41,0.69212,1534,Level 4,Level4|Level4,Y
111,27,-1.70813,1295,Level 3,33,-1.70813,1398,Level 3,Level3|Level3,N
112,6,-7.52013,801,Level 1,5,-7.52013,801,Level 1,Level1|Level1,N
113,27,-1.70813,1295,Level 3,42,-1.70813,1552,Level 4,Level3|Level4,Y
114,16,-3.71394,1124,Level 2,33,-3.71394,1398,Level 3,Level2|Level3,Y
115,12,-4.47592,1060,Level 1,25,-4.47592,1261,Level 2,Level1|Level2,Y
116,28,-1.50703,1312,Level 3,49,-1.50703,1712,Level 4,Level3|Level4,Y
117,21,-2.85165,1198,Level 2,28,-2.85165,1312,Level 3,Level2|Level3,Y
118,35,-0.10659,1431,Level 3,44,-0.10659,1590,Level 4,Level3|Level4,Y
119,46,2.25709,1632,Level 4,52,2.25709,1883,Level 4,Level4|Level4,Y
120,4,-7.52013,801,Level 1,6,-7.52013,801,Level 1,Level1|Level1,N
121,35,-0.10659,1431,Level 3,47,-0.10659,1655,Level 4,Level3|Level4,Y
122,42,1.31973,1552,Level 4,39,1.31973,1499,Level 4,Level4|Level4,Y
123,18,-3.37587,1153,Level 2,26,-3.37587,1278,Level 3,Level2|Level3,Y
124,14,-4.06526,1094,Level 1,16,-4.06526,1124,Level 2,Level1|Level2,Y
125,21,-2.85165,1198,Level 2,38,-2.85165,1482,Level 4,Level2|Level4,Y
126,48,2.84106,1681,Level 4,52,2.84106,1883,Level 4,Level4|Level4,Y
127,9,-5.50812,972,Level 1,22,-5.50812,1213,Level 2,Level1|Level2,Y
128,51,4.25021,1801,Level 4,53,4.25021,2007,Level 4,Level4|Level4,Y
129,22,-2.66958,1213,Level 2,43,-2.66958,1571,Level 4,Level2|Level4,Y
130,31,-0.89878,1364,Level 3,39,-0.89878,1499,Level 4,Level3|Level4,Y
131,2,-7.52013,801,Level 1,9,-7.52013,972,Level 1,Level1|Level1,N
132,39,0.69212,1499,Level 4,52,0.69212,1883,Level 4,Level4|Level4,Y
133,37,0.28888,1465,Level 4,44,0.28888,1590,Level 4,Level4|Level4,Y
134,29,-1.30428,1329,Level 3,20,-1.30428,1182,Level 2,Level3|Level2,N
135,29,-1.30428,1329,Level 3,42,-1.30428,1552,Level 4,Level3|Level4,Y
136,13,-4.25868,1078,Level 1,28,-4.25868,1312,Level 3,Level1|Level3,Y
137,44,1.7659,1590,Level 4,49,1.7659,1712,Level 4,Level4|Level4,Y
138,53,6.66696,2007,Level 4,45,6.66696,1610,Level 4,Level4|Level4,Y
139,25,-2.10236,1261,Level 2,46,-2.10236,1632,Level 4,Level2|Level4,Y
140,32,-0.69832,1381,Level 3,44,-0.69832,1590,Level 4,Level3|Level4,Y
141,51,4.25021,1801,Level 4,39,4.25021,1499,Level 4,Level4|Level4,Y
142,32,-0.69832,1381,Level 3,39,-0.69832,1499,Level 4,Level3|Level4,Y
143,34,-0.303,1414,Level 3,40,-0.303,1516,Level 4,Level3|Level4,Y
144,28,-1.50703,1312,Level 3,48,-1.50703,1681,Level 4,Level3|Level4,Y
145,36,0.09042,1448,Level 4,44,0.09042,1590,Level 4,Level4|Level4,Y
146,18,-3.37587,1153,Level 2,35,-3.37587,1431,Level 3,Level2|Level3,Y
147,40,0.89761,1516,Level 4,37,0.89761,1465,Level 4,Level4|Level4,Y
148,11,-4.73272,1038,Level 1,37,-4.73272,1465,Level 4,Level1|Level4,Y
149,35,-0.10659,1431,Level 3,38,-0.10659,1482,Level 4,Level3|Level4,Y
150,21,-2.85165,1198,Level 2,20,-2.85165,1182,Level 2,Level2|Level2,N
151,38,0.48934,1482,Level 4,46,0.48934,1632,Level 4,Level4|Level4,Y
152,19,-3.20457,1168,Level 2,16,-3.20457,1124,Level 2,Level2|Level2,N
153,26,-1.90673,1278,Level 3,52,-1.90673,1883,Level 4,Level3|Level4,Y
154,28,-1.50703,1312,Level 3,45,-1.50703,1610,Level 4,Level3|Level4,Y
155,21,-2.85165,1198,Level 2,29,-2.85165,1329,Level 3,Level2|Level3,Y
156,33,-0.4999,1398,Level 3,46,-0.4999,1632,Level 4,Level3|Level4,Y
157,32,-0.69832,1381,Level 3,42,-0.69832,1552,Level 4,Level3|Level4,Y
158,25,-2.10236,1261,Level 2,25,-2.10236,1261,Level 2,Level2|Level2,N
159,14,-4.06526,1094,Level 1,19,-4.06526,1168,Level 2,Level1|Level2,Y
160,33,-0.4999,1398,Level 3,46,-0.4999,1632,Level 4,Level3|Level4,Y
161,36,0.09042,1448,Level 4,44,0.09042,1590,Level 4,Level4|Level4,Y
162,17,-3.54499,1139,Level 2,26,-3.54499,1278,Level 3,Level2|Level3,Y
163,40,0.89761,1516,Level 4,38,0.89761,1482,Level 4,Level4|Level4,Y
164,24,-2.29479,1245,Level 2,26,-2.29479,1278,Level 3,Level2|Level3,Y
165,28,-1.50703,1312,Level 3,36,-1.50703,1448,Level 4,Level3|Level4,Y
166,4,-7.52013,801,Level 1,20,-7.52013,1182,Level 2,Level1|Level2,Y
167,25,-2.10236,1261,Level 2,37,-2.10236,1465,Level 4,Level2|Level4,Y
168,40,0.89761,1516,Level 4,46,0.89761,1632,Level 4,Level4|Level4,Y
169,39,0.69212,1499,Level 4,43,0.69212,1571,Level 4,Level4|Level4,Y
170,44,1.7659,1590,Level 4,46,1.7659,1632,Level 4,Level4|Level4,Y
171,27,-1.70813,1295,Level 3,24,-1.70813,1245,Level 2,Level3|Level2,N
172,24,-2.29479,1245,Level 2,25,-2.29479,1261,Level 2,Level2|Level2,N
173,30,-1.10109,1346,Level 3,28,-1.10109,1312,Level 3,Level3|Level3,N
174,44,1.7659,1590,Level 4,50,1.7659,1750,Level 4,Level4|Level4,Y
175,41,1.10648,1534,Level 4,40,1.10648,1516,Level 4,Level4|Level4,Y
176,32,-0.69832,1381,Level 3,36,-0.69832,1448,Level 4,Level3|Level4,Y
177,15,-3.88586,1110,Level 1,44,-3.88586,1590,Level 4,Level1|Level4,Y
178,39,0.69212,1499,Level 4,32,0.69212,1381,Level 3,Level4|Level3,N
179,43,1.53885,1571,Level 4,45,1.53885,1610,Level 4,Level4|Level4,Y
180,12,-4.47592,1060,Level 1,21,-4.47592,1198,Level 2,Level1|Level2,Y
181,15,-3.88586,1110,Level 1,41,-3.88586,1534,Level 4,Level1|Level4,Y
182,39,0.69212,1499,Level 4,49,0.69212,1712,Level 4,Level4|Level4,Y
183,12,-4.47592,1060,Level 1,46,-4.47592,1632,Level 4,Level1|Level4,Y
184,47,2.53253,1655,Level 4,51,2.53253,1801,Level 4,Level4|Level4,Y
185,43,1.53885,1571,Level 4,52,1.53885,1883,Level 4,Level4|Level4,Y
186,30,-1.10109,1346,Level 3,39,-1.10109,1499,Level 4,Level3|Level4,Y
187,34,-0.303,1414,Level 3,41,-0.303,1534,Level 4,Level3|Level4,Y
188,47,2.53253,1655,Level 4,53,2.53253,2007,Level 4,Level4|Level4,Y
189,21,-2.85165,1198,Level 2,22,-2.85165,1213,Level 2,Level2|Level2,N
190,37,0.28888,1465,Level 4,46,0.28888,1632,Level 4,Level4|Level4,Y
191,33,-0.4999,1398,Level 3,42,-0.4999,1552,Level 4,Level3|Level4,Y
192,44,1.7659,1590,Level 4,51,1.7659,1801,Level 4,Level4|Level4,Y
193,40,0.89761,1516,Level 4,49,0.89761,1712,Level 4,Level4|Level4,Y
194,25,-2.10236,1261,Level 2,19,-2.10236,1168,Level 2,Level2|Level2,N
195,47,2.53253,1655,Level 4,37,2.53253,1465,Level 4,Level4|Level4,Y
196,29,-1.30428,1329,Level 3,40,-1.30428,1516,Level 4,Level3|Level4,Y
197,24,-2.29479,1245,Level 2,27,-2.29479,1295,Level 3,Level2|Level3,Y
198,49,3.20105,1712,Level 4,50,3.20105,1750,Level 4,Level4|Level4,Y
199,35,-0.10659,1431,Level 3,52,-0.10659,1883,Level 4,Level3|Level4,Y
200,17,-3.54499,1139,Level 2,37,-3.54499,1465,Level 4,Level2|Level4,Y
201,36,0.09042,1448,Level 4,44,0.09042,1590,Level 4,Level4|Level4,Y
202,26,-1.90673,1278,Level 3,51,-1.90673,1801,Level 4,Level3|Level4,Y
203,42,1.31973,1552,Level 4,52,1.31973,1883,Level 4,Level4|Level4,Y
204,49,3.20105,1712,Level 4,52,3.20105,1883,Level 4,Level4|Level4,Y
205,32,-0.69832,1381,Level 3,36,-0.69832,1448,Level 4,Level3|Level4,Y
206,18,-3.37587,1153,Level 2,24,-3.37587,1245,Level 2,Level2|Level2,N
207,20,-3.02997,1182,Level 2,43,-3.02997,1571,Level 4,Level2|Level4,Y
208,21,-2.85165,1198,Level 2,21,-2.85165,1198,Level 2,Level2|Level2,N
209,37,0.28888,1465,Level 4,42,0.28888,1552,Level 4,Level4|Level4,Y
210,44,1.7659,1590,Level 4,53,1.7659,2007,Level 4,Level4|Level4,Y
211,23,-2.48391,1229,Level 2,39,-2.48391,1499,Level 4,Level2|Level4,Y
212,35,-0.10659,1431,Level 3,24,-0.10659,1245,Level 2,Level3|Level2,N
213,13,-4.25868,1078,Level 1,21,-4.25868,1198,Level 2,Level1|Level2,Y
214,30,-1.10109,1346,Level 3,45,-1.10109,1610,Level 4,Level3|Level4,Y
215,47,2.53253,1655,Level 4,51,2.53253,1801,Level 4,Level4|Level4,Y
216,23,-2.48391,1229,Level 2,21,-2.48391,1198,Level 2,Level2|Level2,N
217,20,-3.02997,1182,Level 2,34,-3.02997,1414,Level 3,Level2|Level3,Y
218,21,-2.85165,1198,Level 2,37,-2.85165,1465,Level 4,Level2|Level4,Y
219,29,-1.30428,1329,Level 3,43,-1.30428,1571,Level 4,Level3|Level4,Y
220,34,-0.303,1414,Level 3,50,-0.303,1750,Level 4,Level3|Level4,Y
221,37,0.28888,1465,Level 4,44,0.28888,1590,Level 4,Level4|Level4,Y
222,43,1.53885,1571,Level 4,46,1.53885,1632,Level 4,Level4|Level4,Y
223,6,-7.52013,801,Level 1,8,-7.52013,908,Level 1,Level1|Level1,N
224,31,-0.89878,1364,Level 3,22,-0.89878,1213,Level 2,Level3|Level2,N
225,22,-2.66958,1213,Level 2,28,-2.66958,1312,Level 3,Level2|Level3,Y
226,16,-3.71394,1124,Level 2,51,-3.71394,1801,Level 4,Level2|Level4,Y
227,15,-3.88586,1110,Level 1,48,-3.88586,1681,Level 4,Level1|Level4,Y
228,27,-1.70813,1295,Level 3,25,-1.70813,1261,Level 2,Level3|Level2,N
229,29,-1.30428,1329,Level 3,45,-1.30428,1610,Level 4,Level3|Level4,Y
230,17,-3.54499,1139,Level 2,34,-3.54499,1414,Level 3,Level2|Level3,Y
231,15,-3.88586,1110,Level 1,30,-3.88586,1346,Level 3,Level1|Level3,Y
232,21,-2.85165,1198,Level 2,43,-2.85165,1571,Level 4,Level2|Level4,Y
233,30,-1.10109,1346,Level 3,27,-1.10109,1295,Level 3,Level3|Level3,N
234,52,5.21616,1883,Level 4,37,5.21616,1465,Level 4,Level4|Level4,Y
235,19,-3.20457,1168,Level 2,52,-3.20457,1883,Level 4,Level2|Level4,Y
236,36,0.09042,1448,Level 4,26,0.09042,1278,Level 3,Level4|Level3,N
237,24,-2.29479,1245,Level 2,35,-2.29479,1431,Level 3,Level2|Level3,Y
238,42,1.31973,1552,Level 4,50,1.31973,1750,Level 4,Level4|Level4,Y
239,5,-7.52013,801,Level 1,20,-7.52013,1182,Level 2,Level1|Level2,Y
240,25,-2.10236,1261,Level 2,42,-2.10236,1552,Level 4,Level2|Level4,Y
241,47,2.53253,1655,Level 4,51,2.53253,1801,Level 4,Level4|Level4,Y
242,26,-1.90673,1278,Level 3,43,-1.90673,1571,Level 4,Level3|Level4,Y
243,24,-2.29479,1245,Level 2,28,-2.29479,1312,Level 3,Level2|Level3,Y
244,11,-4.73272,1038,Level 1,18,-4.73272,1153,Level 2,Level1|Level2,Y
245,31,-0.89878,1364,Level 3,25,-0.89878,1261,Level 2,Level3|Level2,N
246,45,2.00383,1610,Level 4,49,2.00383,1712,Level 4,Level4|Level4,Y
247,29,-1.30428,1329,Level 3,19,-1.30428,1168,Level 2,Level3|Level2,N
248,29,-1.30428,1329,Level 3,44,-1.30428,1590,Level 4,Level3|Level4,Y
249,13,-4.25868,1078,Level 1,32,-4.25868,1381,Level 3,Level1|Level3,Y
250,39,0.69212,1499,Level 4,35,0.69212,1431,Level 3,Level4|Level3,N
251,43,1.53885,1571,Level 4,15,1.53885,1110,Level 1,Level4|Level1,N
252,2,-7.52013,801,Level 1,25,-7.52013,1261,Level 2,Level1|Level2,Y
253,33,-0.4999,1398,Level 3,53,-0.4999,2007,Level 4,Level3|Level4,Y
254,34,-0.303,1414,Level 3,49,-0.303,1712,Level 4,Level3|Level4,Y
255,30,-1.10109,1346,Level 3,38,-1.10109,1482,Level 4,Level3|Level4,Y
256,13,-4.25868,1078,Level 1,32,-4.25868,1381,Level 3,Level1|Level3,Y
257,22,-2.66958,1213,Level 2,28,-2.66958,1312,Level 3,Level2|Level3,Y
258,38,0.48934,1482,Level 4,37,0.48934,1465,Level 4,Level4|Level4,Y
259,35,-0.10659,1431,Level 3,26,-0.10659,1278,Level 3,Level3|Level3,N
260,11,-4.73272,1038,Level 1,37,-4.73272,1465,Level 4,Level1|Level4,Y
261,51,4.25021,1801,Level 4,44,4.25021,1590,Level 4,Level4|Level4,Y
262,6,-7.52013,801,Level 1,26,-7.52013,1278,Level 3,Level1|Level3,Y
263,29,-1.30428,1329,Level 3,46,-1.30428,1632,Level 4,Level3|Level4,Y
264,38,0.48934,1482,Level 4,35,0.48934,1431,Level 3,Level4|Level3,N
265,30,-1.10109,1346,Level 3,27,-1.10109,1295,Level 3,Level3|Level3,N
266,34,-0.303,1414,Level 3,45,-0.303,1610,Level 4,Level3|Level4,Y
267,21,-2.85165,1198,Level 2,33,-2.85165,1398,Level 3,Level2|Level3,Y
268,22,-2.66958,1213,Level 2,50,-2.66958,1750,Level 4,Level2|Level4,Y
269,16,-3.71394,1124,Level 2,30,-3.71394,1346,Level 3,Level2|Level3,Y
270,28,-1.50703,1312,Level 3,27,-1.50703,1295,Level 3,Level3|Level3,N
271,49,3.20105,1712,Level 4,53,3.20105,2007,Level 4,Level4|Level4,Y
272,34,-0.303,1414,Level 3,34,-0.303,1414,Level 3,Level3|Level3,N
273,26,-1.90673,1278,Level 3,22,-1.90673,1213,Level 2,Level3|Level2,N
274,20,-3.02997,1182,Level 2,19,-3.02997,1168,Level 2,Level2|Level2,N
275,13,-4.25868,1078,Level 1,31,-4.25868,1364,Level 3,Level1|Level3,Y
276,26,-1.90673,1278,Level 3,52,-1.90673,1883,Level 4,Level3|Level4,Y
277,42,1.31973,1552,Level 4,52,1.31973,1883,Level 4,Level4|Level4,Y
278,44,1.7659,1590,Level 4,50,1.7659,1750,Level 4,Level4|Level4,Y
279,27,-1.70813,1295,Level 3,33,-1.70813,1398,Level 3,Level3|Level3,N
280,33,-0.4999,1398,Level 3,48,-0.4999,1681,Level 4,Level3|Level4,Y
281,37,0.28888,1465,Level 4,38,0.28888,1482,Level 4,Level4|Level4,Y
282,26,-1.90673,1278,Level 3,42,-1.90673,1552,Level 4,Level3|Level4,Y
283,19,-3.20457,1168,Level 2,32,-3.20457,1381,Level 3,Level2|Level3,Y
284,34,-0.303,1414,Level 3,34,-0.303,1414,Level 3,Level3|Level3,N
285,34,-0.303,1414,Level 3,41,-0.303,1534,Level 4,Level3|Level4,Y
286,26,-1.90673,1278,Level 3,27,-1.90673,1295,Level 3,Level3|Level3,N
287,34,-0.303,1414,Level 3,42,-0.303,1552,Level 4,Level3|Level4,Y
288,0,-7.52013,801,Level 1,23,-7.52013,1229,Level 2,Level1|Level2,Y
289,21,-2.85165,1198,Level 2,39,-2.85165,1499,Level 4,Level2|Level4,Y
290,21,-2.85165,1198,Level 2,41,-2.85165,1534,Level 4,Level2|Level4,Y
291,29,-1.30428,1329,Level 3,44,-1.30428,1590,Level 4,Level3|Level4,Y
292,27,-1.70813,1295,Level 3,35,-1.70813,1431,Level 3,Level3|Level3,N
293,35,-0.10659,1431,Level 3,38,-0.10659,1482,Level 4,Level3|Level4,Y
294,23,-2.48391,1229,Level 2,53,-2.48391,2007,Level 4,Level2|Level4,Y
295,27,-1.70813,1295,Level 3,20,-1.70813,1182,Level 2,Level3|Level2,N
296,14,-4.06526,1094,Level 1,30,-4.06526,1346,Level 3,Level1|Level3,Y
297,31,-0.89878,1364,Level 3,52,-0.89878,1883,Level 4,Level3|Level4,Y
298,48,2.84106,1681,Level 4,52,2.84106,1883,Level 4,Level4|Level4,Y
299,26,-1.90673,1278,Level 3,27,-1.90673,1295,Level 3,Level3|Level3,N
300,29,-1.30428,1329,Level 3,39,-1.30428,1499,Level 4,Level3|Level4,Y
301,30,-1.10109,1346,Level 3,36,-1.10109,1448,Level 4,Level3|Level4,Y
302,41,1.10648,1534,Level 4,28,1.10648,1312,Level 3,Level4|Level3,N
303,26,-1.90673,1278,Level 3,38,-1.90673,1482,Level 4,Level3|Level4,Y
304,36,0.09042,1448,Level 4,30,0.09042,1346,Level 3,Level4|Level3,N
305,38,0.48934,1482,Level 4,38,0.48934,1482,Level 4,Level4|Level4,Y
306,21,-2.85165,1198,Level 2,35,-2.85165,1431,Level 3,Level2|Level3,Y
307,8,-6.26205,908,Level 1,35,-6.26205,1431,Level 3,Level1|Level3,Y
308,31,-0.89878,1364,Level 3,44,-0.89878,1590,Level 4,Level3|Level4,Y
309,20,-3.02997,1182,Level 2,10,-3.02997,1010,Level 1,Level2|Level1,N
310,49,3.20105,1712,Level 4,41,3.20105,1534,Level 4,Level4|Level4,Y
311,14,-4.06526,1094,Level 1,34,-4.06526,1414,Level 3,Level1|Level3,Y
312,49,3.20105,1712,Level 4,47,3.20105,1655,Level 4,Level4|Level4,Y
313,16,-3.71394,1124,Level 2,37,-3.71394,1465,Level 4,Level2|Level4,Y
314,28,-1.50703,1312,Level 3,37,-1.50703,1465,Level 4,Level3|Level4,Y
315,34,-0.303,1414,Level 3,35,-0.303,1431,Level 3,Level3|Level3,N
316,29,-1.30428,1329,Level 3,44,-1.30428,1590,Level 4,Level3|Level4,Y
317,5,-7.52013,801,Level 1,16,-7.52013,1124,Level 2,Level1|Level2,Y
318,46,2.25709,1632,Level 4,46,2.25709,1632,Level 4,Level4|Level4,Y
319,45,2.00383,1610,Level 4,41,2.00383,1534,Level 4,Level4|Level4,Y
320,3,-7.52013,801,Level 1,27,-7.52013,1295,Level 3,Level1|Level3,Y
321,34,-0.303,1414,Level 3,33,-0.303,1398,Level 3,Level3|Level3,N
322,13,-4.25868,1078,Level 1,50,-4.25868,1750,Level 4,Level1|Level4,Y
323,31,-0.89878,1364,Level 3,46,-0.89878,1632,Level 4,Level3|Level4,Y
324,32,-0.69832,1381,Level 3,47,-0.69832,1655,Level 4,Level3|Level4,Y
325,31,-0.89878,1364,Level 3,29,-0.89878,1329,Level 3,Level3|Level3,N
326,31,-0.89878,1364,Level 3,27,-0.89878,1295,Level 3,Level3|Level3,N
327,32,-0.69832,1381,Level 3,23,-0.69832,1229,Level 2,Level3|Level2,N
328,15,-3.88586,1110,Level 1,28,-3.88586,1312,Level 3,Level1|Level3,Y
329,45,2.00383,1610,Level 4,53,2.00383,2007,Level 4,Level4|Level4,Y
330,38,0.48934,1482,Level 4,50,0.48934,1750,Level 4,Level4|Level4,Y
331,9,-5.50812,972,Level 1,50,-5.50812,1750,Level 4,Level1|Level4,Y
332,38,0.48934,1482,Level 4,41,0.48934,1534,Level 4,Level4|Level4,Y
333,27,-1.70813,1295,Level 3,50,-1.70813,1750,Level 4,Level3|Level4,Y
334,38,0.48934,1482,Level 4,39,0.48934,1499,Level 4,Level4|Level4,Y
335,38,0.48934,1482,Level 4,44,0.48934,1590,Level 4,Level4|Level4,Y
336,43,1.53885,1571,Level 4,46,1.53885,1632,Level 4,Level4|Level4,Y
337,8,-6.26205,908,Level 1,20,-6.26205,1182,Level 2,Level1|Level2,Y
338,34,-0.303,1414,Level 3,31,-0.303,1364,Level 3,Level3|Level3,N
339,29,-1.30428,1329,Level 3,35,-1.30428,1431,Level 3,Level3|Level3,N
340,39,0.69212,1499,Level 4,34,0.69212,1414,Level 3,Level4|Level3,N
341,30,-1.10109,1346,Level 3,23,-1.10109,1229,Level 2,Level3|Level2,N
342,31,-0.89878,1364,Level 3,40,-0.89878,1516,Level 4,Level3|Level4,Y
343,5,-7.52013,801,Level 1,19,-7.52013,1168,Level 2,Level1|Level2,Y
344,16,-3.71394,1124,Level 2,20,-3.71394,1182,Level 2,Level2|Level2,N
345,36,0.09042,1448,Level 4,45,0.09042,1610,Level 4,Level4|Level4,Y
346,35,-0.10659,1431,Level 3,51,-0.10659,1801,Level 4,Level3|Level4,Y
347,28,-1.50703,1312,Level 3,43,-1.50703,1571,Level 4,Level3|Level4,Y
348,13,-4.25868,1078,Level 1,32,-4.25868,1381,Level 3,Level1|Level3,Y
349,24,-2.29479,1245,Level 2,33,-2.29479,1398,Level 3,Level2|Level3,Y
350,48,2.84106,1681,Level 4,43,2.84106,1571,Level 4,Level4|Level4,Y
351,48,2.84106,1681,Level 4,50,2.84106,1750,Level 4,Level4|Level4,Y
352,40,0.89761,1516,Level 4,46,0.89761,1632,Level 4,Level4|Level4,Y
353,27,-1.70813,1295,Level 3,36,-1.70813,1448,Level 4,Level3|Level4,Y
354,7,-7.52013,801,Level 1,36,-7.52013,1448,Level 4,Level1|Level4,Y
355,19,-3.20457,1168,Level 2,37,-3.20457,1465,Level 4,Level2|Level4,Y
356,34,-0.303,1414,Level 3,51,-0.303,1801,Level 4,Level3|Level4,Y
357,14,-4.06526,1094,Level 1,20,-4.06526,1182,Level 2,Level1|Level2,Y
358,27,-1.70813,1295,Level 3,33,-1.70813,1398,Level 3,Level3|Level3,N
359,37,0.28888,1465,Level 4,44,0.28888,1590,Level 4,Level4|Level4,Y
360,21,-2.85165,1198,Level 2,26,-2.85165,1278,Level 3,Level2|Level3,Y
361,53,6.66696,2007,Level 4,53,6.66696,2007,Level 4,Level4|Level4,Y
362,30,-1.10109,1346,Level 3,16,-1.10109,1124,Level 2,Level3|Level2,N
363,36,0.09042,1448,Level 4,26,0.09042,1278,Level 3,Level4|Level3,N
364,27,-1.70813,1295,Level 3,52,-1.70813,1883,Level 4,Level3|Level4,Y
365,6,-7.52013,801,Level 1,39,-7.52013,1499,Level 4,Level1|Level4,Y
366,27,-1.70813,1295,Level 3,49,-1.70813,1712,Level 4,Level3|Level4,Y
367,17,-3.54499,1139,Level 2,43,-3.54499,1571,Level 4,Level2|Level4,Y
368,23,-2.48391,1229,Level 2,46,-2.48391,1632,Level 4,Level2|Level4,Y
369,44,1.7659,1590,Level 4,45,1.7659,1610,Level 4,Level4|Level4,Y
370,31,-0.89878,1364,Level 3,45,-0.89878,1610,Level 4,Level3|Level4,Y
371,28,-1.50703,1312,Level 3,50,-1.50703,1750,Level 4,Level3|Level4,Y
372,33,-0.4999,1398,Level 3,41,-0.4999,1534,Level 4,Level3|Level4,Y
373,41,1.10648,1534,Level 4,45,1.10648,1610,Level 4,Level4|Level4,Y
374,25,-2.10236,1261,Level 2,35,-2.10236,1431,Level 3,Level2|Level3,Y
375,24,-2.29479,1245,Level 2,32,-2.29479,1381,Level 3,Level2|Level3,Y
376,12,-4.47592,1060,Level 1,14,-4.47592,1094,Level 1,Level1|Level1,N
377,21,-2.85165,1198,Level 2,33,-2.85165,1398,Level 3,Level2|Level3,Y
378,34,-0.303,1414,Level 3,32,-0.303,1381,Level 3,Level3|Level3,N
379,23,-2.48391,1229,Level 2,35,-2.48391,1431,Level 3,Level2|Level3,Y
380,6,-7.52013,801,Level 1,23,-7.52013,1229,Level 2,Level1|Level2,Y
381,39,0.69212,1499,Level 4,47,0.69212,1655,Level 4,Level4|Level4,Y
382,39,0.69212,1499,Level 4,36,0.69212,1448,Level 4,Level4|Level4,Y
383,32,-0.69832,1381,Level 3,40,-0.69832,1516,Level 4,Level3|Level4,Y
384,30,-1.10109,1346,Level 3,45,-1.10109,1610,Level 4,Level3|Level4,Y
385,24,-2.29479,1245,Level 2,39,-2.29479,1499,Level 4,Level2|Level4,Y
386,32,-0.69832,1381,Level 3,47,-0.69832,1655,Level 4,Level3|Level4,Y
387,38,0.48934,1482,Level 4,38,0.48934,1482,Level 4,Level4|Level4,Y
388,19,-3.20457,1168,Level 2,18,-3.20457,1153,Level 2,Level2|Level2,N
389,5,-7.52013,801,Level 1,18,-7.52013,1153,Level 2,Level1|Level2,Y
390,7,-7.52013,801,Level 1,38,-7.52013,1482,Level 4,Level1|Level4,Y
391,30,-1.10109,1346,Level 3,53,-1.10109,2007,Level 4,Level3|Level4,Y
392,27,-1.70813,1295,Level 3,52,-1.70813,1883,Level 4,Level3|Level4,Y
393,41,1.10648,1534,Level 4,51,1.10648,1801,Level 4,Level4|Level4,Y
394,12,-4.47592,1060,Level 1,44,-4.47592,1590,Level 4,Level1|Level4,Y
395,20,-3.02997,1182,Level 2,53,-3.02997,2007,Level 4,Level2|Level4,Y
396,14,-4.06526,1094,Level 1,20,-4.06526,1182,Level 2,Level1|Level2,Y
397,47,2.53253,1655,Level 4,45,2.53253,1610,Level 4,Level4|Level4,Y
398,11,-4.73272,1038,Level 1,38,-4.73272,1482,Level 4,Level1|Level4,Y
399,36,0.09042,1448,Level 4,42,0.09042,1552,Level 4,Level4|Level4,Y
400,43,1.53885,1571,Level 4,41,1.53885,1534,Level 4,Level4|Level4,Y
401,25,-2.10236,1261,Level 2,33,-2.10236,1398,Level 3,Level2|Level3,Y
402,23,-2.48391,1229,Level 2,26,-2.48391,1278,Level 3,Level2|Level3,Y
403,29,-1.30428,1329,Level 3,44,-1.30428,1590,Level 4,Level3|Level4,Y
404,27,-1.70813,1295,Level 3,26,-1.70813,1278,Level 3,Level3|Level3,N
405,18,-3.37587,1153,Level 2,23,-3.37587,1229,Level 2,Level2|Level2,N
406,29,-1.30428,1329,Level 3,5,-1.30428,801,Level 1,Level3|Level1,N
407,42,1.31973,1552,Level 4,51,1.31973,1801,Level 4,Level4|Level4,Y
408,28,-1.50703,1312,Level 3,26,-1.50703,1278,Level 3,Level3|Level3,N
409,25,-2.10236,1261,Level 2,31,-2.10236,1364,Level 3,Level2|Level3,Y
410,24,-2.29479,1245,Level 2,23,-2.29479,1229,Level 2,Level2|Level2,N
411,16,-3.71394,1124,Level 2,30,-3.71394,1346,Level 3,Level2|Level3,Y
412,26,-1.90673,1278,Level 3,32,-1.90673,1381,Level 3,Level3|Level3,N
413,12,-4.47592,1060,Level 1,47,-4.47592,1655,Level 4,Level1|Level4,Y
414,49,3.20105,1712,Level 4,52,3.20105,1883,Level 4,Level4|Level4,Y
415,31,-0.89878,1364,Level 3,30,-0.89878,1346,Level 3,Level3|Level3,N
416,42,1.31973,1552,Level 4,51,1.31973,1801,Level 4,Level4|Level4,Y
417,22,-2.66958,1213,Level 2,36,-2.66958,1448,Level 4,Level2|Level4,Y
418,30,-1.10109,1346,Level 3,46,-1.10109,1632,Level 4,Level3|Level4,Y
419,27,-1.70813,1295,Level 3,32,-1.70813,1381,Level 3,Level3|Level3,N
420,22,-2.66958,1213,Level 2,36,-2.66958,1448,Level 4,Level2|Level4,Y
421,43,1.53885,1571,Level 4,44,1.53885,1590,Level 4,Level4|Level4,Y
422,34,-0.303,1414,Level 3,45,-0.303,1610,Level 4,Level3|Level4,Y
423,33,-0.4999,1398,Level 3,33,-0.4999,1398,Level 3,Level3|Level3,N
424,53,6.66696,2007,Level 4,53,6.66696,2007,Level 4,Level4|Level4,Y
425,36,0.09042,1448,Level 4,42,0.09042,1552,Level 4,Level4|Level4,Y
426,53,6.66696,2007,Level 4,52,6.66696,1883,Level 4,Level4|Level4,Y
427,37,0.28888,1465,Level 4,41,0.28888,1534,Level 4,Level4|Level4,Y
428,24,-2.29479,1245,Level 2,41,-2.29479,1534,Level 4,Level2|Level4,Y
429,29,-1.30428,1329,Level 3,45,-1.30428,1610,Level 4,Level3|Level4,Y
430,38,0.48934,1482,Level 4,47,0.48934,1655,Level 4,Level4|Level4,Y
431,22,-2.66958,1213,Level 2,26,-2.66958,1278,Level 3,Level2|Level3,Y
432,18,-3.37587,1153,Level 2,35,-3.37587,1431,Level 3,Level2|Level3,Y
433,34,-0.303,1414,Level 3,51,-0.303,1801,Level 4,Level3|Level4,Y
434,41,1.10648,1534,Level 4,43,1.10648,1571,Level 4,Level4|Level4,Y
435,15,-3.88586,1110,Level 1,33,-3.88586,1398,Level 3,Level1|Level3,Y
436,37,0.28888,1465,Level 4,39,0.28888,1499,Level 4,Level4|Level4,Y
437,34,-0.303,1414,Level 3,26,-0.303,1278,Level 3,Level3|Level3,N
438,22,-2.66958,1213,Level 2,30,-2.66958,1346,Level 3,Level2|Level3,Y
439,9,-5.50812,972,Level 1,35,-5.50812,1431,Level 3,Level1|Level3,Y
440,23,-2.48391,1229,Level 2,45,-2.48391,1610,Level 4,Level2|Level4,Y
441,21,-2.85165,1198,Level 2,38,-2.85165,1482,Level 4,Level2|Level4,Y
442,34,-0.303,1414,Level 3,50,-0.303,1750,Level 4,Level3|Level4,Y
443,16,-3.71394,1124,Level 2,18,-3.71394,1153,Level 2,Level2|Level2,N
444,35,-0.10659,1431,Level 3,45,-0.10659,1610,Level 4,Level3|Level4,Y
445,4,-7.52013,801,Level 1,16,-7.52013,1124,Level 2,Level1|Level2,Y
446,2,-7.52013,801,Level 1,41,-7.52013,1534,Level 4,Level1|Level4,Y
447,45,2.00383,1610,Level 4,49,2.00383,1712,Level 4,Level4|Level4,Y
448,43,1.53885,1571,Level 4,46,1.53885,1632,Level 4,Level4|Level4,Y
449,35,-0.10659,1431,Level 3,40,-0.10659,1516,Level 4,Level3|Level4,Y
450,33,-0.4999,1398,Level 3,35,-0.4999,1431,Level 3,Level3|Level3,N
451,13,-4.25868,1078,Level 1,7,-4.25868,801,Level 1,Level1|Level1,N
452,19,-3.20457,1168,Level 2,37,-3.20457,1465,Level 4,Level2|Level4,Y
453,35,-0.10659,1431,Level 3,46,-0.10659,1632,Level 4,Level3|Level4,Y
454,27,-1.70813,1295,Level 3,43,-1.70813,1571,Level 4,Level3|Level4,Y
455,45,2.00383,1610,Level 4,29,2.00383,1329,Level 3,Level4|Level3,N
456,6,-7.52013,801,Level 1,40,-7.52013,1516,Level 4,Level1|Level4,Y
457,16,-3.71394,1124,Level 2,31,-3.71394,1364,Level 3,Level2|Level3,Y
458,11,-4.73272,1038,Level 1,48,-4.73272,1681,Level 4,Level1|Level4,Y
459,31,-0.89878,1364,Level 3,41,-0.89878,1534,Level 4,Level3|Level4,Y
460,45,2.00383,1610,Level 4,53,2.00383,2007,Level 4,Level4|Level4,Y
461,24,-2.29479,1245,Level 2,29,-2.29479,1329,Level 3,Level2|Level3,Y
462,27,-1.70813,1295,Level 3,36,-1.70813,1448,Level 4,Level3|Level4,Y
463,22,-2.66958,1213,Level 2,48,-2.66958,1681,Level 4,Level2|Level4,Y
464,36,0.09042,1448,Level 4,26,0.09042,1278,Level 3,Level4|Level3,N
465,11,-4.73272,1038,Level 1,23,-4.73272,1229,Level 2,Level1|Level2,Y
466,39,0.69212,1499,Level 4,45,0.69212,1610,Level 4,Level4|Level4,Y
467,34,-0.303,1414,Level 3,49,-0.303,1712,Level 4,Level3|Level4,Y
468,12,-4.47592,1060,Level 1,39,-4.47592,1499,Level 4,Level1|Level4,Y
469,36,0.09042,1448,Level 4,44,0.09042,1590,Level 4,Level4|Level4,Y
470,37,0.28888,1465,Level 4,39,0.28888,1499,Level 4,Level4|Level4,Y
471,14,-4.06526,1094,Level 1,33,-4.06526,1398,Level 3,Level1|Level3,Y
472,30,-1.10109,1346,Level 3,16,-1.10109,1124,Level 2,Level3|Level2,N
473,27,-1.70813,1295,Level 3,40,-1.70813,1516,Level 4,Level3|Level4,Y
474,36,0.09042,1448,Level 4,40,0.09042,1516,Level 4,Level4|Level4,Y
475,51,4.25021,1801,Level 4,38,4.25021,1482,Level 4,Level4|Level4,Y
476,42,1.31973,1552,Level 4,52,1.31973,1883,Level 4,Level4|Level4,Y
477,25,-2.10236,1261,Level 2,28,-2.10236,1312,Level 3,Level2|Level3,Y
478,30,-1.10109,1346,Level 3,24,-1.10109,1245,Level 2,Level3|Level2,N
479,49,3.20105,1712,Level 4,51,3.20105,1801,Level 4,Level4|Level4,Y
480,36,0.09042,1448,Level 4,44,0.09042,1590,Level 4,Level4|Level4,Y
481,44,1.7659,1590,Level 4,32,1.7659,1381,Level 3,Level4|Level3,N
482,23,-2.48391,1229,Level 2,26,-2.48391,1278,Level 3,Level2|Level3,Y
483,39,0.69212,1499,Level 4,48,0.69212,1681,Level 4,Level4|Level4,Y
484,40,0.89761,1516,Level 4,47,0.89761,1655,Level 4,Level4|Level4,Y
485,38,0.48934,1482,Level 4,41,0.48934,1534,Level 4,Level4|Level4,Y
486,11,-4.73272,1038,Level 1,40,-4.73272,1516,Level 4,Level1|Level4,Y
487,32,-0.69832,1381,Level 3,44,-0.69832,1590,Level 4,Level3|Level4,Y
488,28,-1.50703,1312,Level 3,35,-1.50703,1431,Level 3,Level3|Level3,N
489,36,0.09042,1448,Level 4,43,0.09042,1571,Level 4,Level4|Level4,Y
490,21,-2.85165,1198,Level 2,37,-2.85165,1465,Level 4,Level2|Level4,Y
491,25,-2.10236,1261,Level 2,30,-2.10236,1346,Level 3,Level2|Level3,Y
492,13,-4.25868,1078,Level 1,26,-4.25868,1278,Level 3,Level1|Level3,Y
493,50,3.64646,1750,Level 4,52,3.64646,1883,Level 4,Level4|Level4,Y
494,4,-7.52013,801,Level 1,41,-7.52013,1534,Level 4,Level1|Level4,Y
495,42,1.31973,1552,Level 4,48,1.31973,1681,Level 4,Level4|Level4,Y
496,35,-0.10659,1431,Level 3,44,-0.10659,1590,Level 4,Level3|Level4,Y
497,19,-3.20457,1168,Level 2,22,-3.20457,1213,Level 2,Level2|Level2,N
498,24,-2.29479,1245,Level 2,28,-2.29479,1312,Level 3,Level2|Level3,Y
499,35,-0.10659,1431,Level 3,51,-0.10659,1801,Level 4,Level3|Level4,Y
500,30,-1.10109,1346,Level 3,32,-1.10109,1381,Level 3,Level3|Level3,N
501,29,-1.30428,1329,Level 3,20,-1.30428,1182,Level 2,Level3|Level2,N
502,27,-1.70813,1295,Level 3,37,-1.70813,1465,Level 4,Level3|Level4,Y
503,28,-1.50703,1312,Level 3,31,-1.50703,1364,Level 3,Level3|Level3,N
504,24,-2.29479,1245,Level 2,33,-2.29479,1398,Level 3,Level2|Level3,Y
505,5,-7.52013,801,Level 1,13,-7.52013,1078,Level 1,Level1|Level1,N
506,38,0.48934,1482,Level 4,35,0.48934,1431,Level 3,Level4|Level3,N
507,18,-3.37587,1153,Level 2,32,-3.37587,1381,Level 3,Level2|Level3,Y
508,11,-4.73272,1038,Level 1,28,-4.73272,1312,Level 3,Level1|Level3,Y
509,23,-2.48391,1229,Level 2,43,-2.48391,1571,Level 4,Level2|Level4,Y
510,21,-2.85165,1198,Level 2,20,-2.85165,1182,Level 2,Level2|Level2,N
511,12,-4.47592,1060,Level 1,26,-4.47592,1278,Level 3,Level1|Level3,Y
512,31,-0.89878,1364,Level 3,17,-0.89878,1139,Level 2,Level3|Level2,N
513,23,-2.48391,1229,Level 2,36,-2.48391,1448,Level 4,Level2|Level4,Y
514,17,-3.54499,1139,Level 2,38,-3.54499,1482,Level 4,Level2|Level4,Y
515,7,-7.52013,801,Level 1,33,-7.52013,1398,Level 3,Level1|Level3,Y
516,40,0.89761,1516,Level 4,42,0.89761,1552,Level 4,Level4|Level4,Y
517,13,-4.25868,1078,Level 1,43,-4.25868,1571,Level 4,Level1|Level4,Y
518,42,1.31973,1552,Level 4,44,1.31973,1590,Level 4,Level4|Level4,Y
519,27,-1.70813,1295,Level 3,28,-1.70813,1312,Level 3,Level3|Level3,N
520,16,-3.71394,1124,Level 2,47,-3.71394,1655,Level 4,Level2|Level4,Y
521,28,-1.50703,1312,Level 3,39,-1.50703,1499,Level 4,Level3|Level4,Y
522,8,-6.26205,908,Level 1,37,-6.26205,1465,Level 4,Level1|Level4,Y
523,50,3.64646,1750,Level 4,53,3.64646,2007,Level 4,Level4|Level4,Y
524,42,1.31973,1552,Level 4,39,1.31973,1499,Level 4,Level4|Level4,Y
525,29,-1.30428,1329,Level 3,51,-1.30428,1801,Level 4,Level3|Level4,Y
526,40,0.89761,1516,Level 4,36,0.89761,1448,Level 4,Level4|Level4,Y
527,32,-0.69832,1381,Level 3,37,-0.69832,1465,Level 4,Level3|Level4,Y
528,1,-7.52013,801,Level 1,7,-7.52013,801,Level 1,Level1|Level1,N
529,37,0.28888,1465,Level 4,53,0.28888,2007,Level 4,Level4|Level4,Y
530,44,1.7659,1590,Level 4,41,1.7659,1534,Level 4,Level4|Level4,Y
531,14,-4.06526,1094,Level 1,4,-4.06526,801,Level 1,Level1|Level1,N
532,31,-0.89878,1364,Level 3,15,-0.89878,1110,Level 1,Level3|Level1,N
533,35,-0.10659,1431,Level 3,43,-0.10659,1571,Level 4,Level3|Level4,Y
534,15,-3.88586,1110,Level 1,26,-3.88586,1278,Level 3,Level1|Level3,Y
535,24,-2.29479,1245,Level 2,31,-2.29479,1364,Level 3,Level2|Level3,Y
536,43,1.53885,1571,Level 4,52,1.53885,1883,Level 4,Level4|Level4,Y
537,27,-1.70813,1295,Level 3,47,-1.70813,1655,Level 4,Level3|Level4,Y
538,32,-0.69832,1381,Level 3,33,-0.69832,1398,Level 3,Level3|Level3,N
539,0,-7.52013,801,Level 1,19,-7.52013,1168,Level 2,Level1|Level2,Y
540,43,1.53885,1571,Level 4,48,1.53885,1681,Level 4,Level4|Level4,Y
541,28,-1.50703,1312,Level 3,46,-1.50703,1632,Level 4,Level3|Level4,Y
542,35,-0.10659,1431,Level 3,44,-0.10659,1590,Level 4,Level3|Level4,Y
543,26,-1.90673,1278,Level 3,51,-1.90673,1801,Level 4,Level3|Level4,Y
544,18,-3.37587,1153,Level 2,23,-3.37587,1229,Level 2,Level2|Level2,N
545,37,0.28888,1465,Level 4,43,0.28888,1571,Level 4,Level4|Level4,Y
546,40,0.89761,1516,Level 4,35,0.89761,1431,Level 3,Level4|Level3,N
547,25,-2.10236,1261,Level 2,44,-2.10236,1590,Level 4,Level2|Level4,Y
548,39,0.69212,1499,Level 4,47,0.69212,1655,Level 4,Level4|Level4,Y
549,41,1.10648,1534,Level 4,34,1.10648,1414,Level 3,Level4|Level3,N
550,15,-3.88586,1110,Level 1,36,-3.88586,1448,Level 4,Level1|Level4,Y
551,37,0.28888,1465,Level 4,37,0.28888,1465,Level 4,Level4|Level4,Y
552,31,-0.89878,1364,Level 3,38,-0.89878,1482,Level 4,Level3|Level4,Y
553,43,1.53885,1571,Level 4,36,1.53885,1448,Level 4,Level4|Level4,Y
554,43,1.53885,1571,Level 4,50,1.53885,1750,Level 4,Level4|Level4,Y
555,24,-2.29479,1245,Level 2,39,-2.29479,1499,Level 4,Level2|Level4,Y
556,11,-4.73272,1038,Level 1,21,-4.73272,1198,Level 2,Level1|Level2,Y
557,39,0.69212,1499,Level 4,42,0.69212,1552,Level 4,Level4|Level4,Y
558,32,-0.69832,1381,Level 3,40,-0.69832,1516,Level 4,Level3|Level4,Y
559,17,-3.54499,1139,Level 2,34,-3.54499,1414,Level 3,Level2|Level3,Y
560,38,0.48934,1482,Level 4,35,0.48934,1431,Level 3,Level4|Level3,N
561,15,-3.88586,1110,Level 1,27,-3.88586,1295,Level 3,Level1|Level3,Y
562,23,-2.48391,1229,Level 2,33,-2.48391,1398,Level 3,Level2|Level3,Y
563,37,0.28888,1465,Level 4,53,0.28888,2007,Level 4,Level4|Level4,Y
564,52,5.21616,1883,Level 4,53,5.21616,2007,Level 4,Level4|Level4,Y
565,46,2.25709,1632,Level 4,52,2.25709,1883,Level 4,Level4|Level4,Y
566,26,-1.90673,1278,Level 3,50,-1.90673,1750,Level 4,Level3|Level4,Y
567,30,-1.10109,1346,Level 3,49,-1.10109,1712,Level 4,Level3|Level4,Y
568,33,-0.4999,1398,Level 3,48,-0.4999,1681,Level 4,Level3|Level4,Y
569,45,2.00383,1610,Level 4,47,2.00383,1655,Level 4,Level4|Level4,Y
570,19,-3.20457,1168,Level 2,21,-3.20457,1198,Level 2,Level2|Level2,N
571,9,-5.50812,972,Level 1,45,-5.50812,1610,Level 4,Level1|Level4,Y
572,27,-1.70813,1295,Level 3,30,-1.70813,1346,Level 3,Level3|Level3,N
573,29,-1.30428,1329,Level 3,30,-1.30428,1346,Level 3,Level3|Level3,N
574,36,0.09042,1448,Level 4,38,0.09042,1482,Level 4,Level4|Level4,Y
575,35,-0.10659,1431,Level 3,45,-0.10659,1610,Level 4,Level3|Level4,Y
576,39,0.69212,1499,Level 4,40,0.69212,1516,Level 4,Level4|Level4,Y
577,23,-2.48391,1229,Level 2,23,-2.48391,1229,Level 2,Level2|Level2,N
578,20,-3.02997,1182,Level 2,35,-3.02997,1431,Level 3,Level2|Level3,Y
579,20,-3.02997,1182,Level 2,33,-3.02997,1398,Level 3,Level2|Level3,Y
580,25,-2.10236,1261,Level 2,29,-2.10236,1329,Level 3,Level2|Level3,Y
581,1,-7.52013,801,Level 1,9,-7.52013,972,Level 1,Level1|Level1,N
582,32,-0.69832,1381,Level 3,27,-0.69832,1295,Level 3,Level3|Level3,N
583,30,-1.10109,1346,Level 3,39,-1.10109,1499,Level 4,Level3|Level4,Y
584,42,1.31973,1552,Level 4,53,1.31973,2007,Level 4,Level4|Level4,Y
585,43,1.53885,1571,Level 4,42,1.53885,1552,Level 4,Level4|Level4,Y
586,45,2.00383,1610,Level 4,53,2.00383,2007,Level 4,Level4|Level4,Y
587,49,3.20105,1712,Level 4,50,3.20105,1750,Level 4,Level4|Level4,Y
588,29,-1.30428,1329,Level 3,31,-1.30428,1364,Level 3,Level3|Level3,N
589,22,-2.66958,1213,Level 2,27,-2.66958,1295,Level 3,Level2|Level3,Y
590,38,0.48934,1482,Level 4,30,0.48934,1346,Level 3,Level4|Level3,N
591,1,-7.52013,801,Level 1,31,-7.52013,1364,Level 3,Level1|Level3,Y
592,46,2.25709,1632,Level 4,53,2.25709,2007,Level 4,Level4|Level4,Y
593,24,-2.29479,1245,Level 2,37,-2.29479,1465,Level 4,Level2|Level4,Y
594,49,3.20105,1712,Level 4,41,3.20105,1534,Level 4,Level4|Level4,Y
595,13,-4.25868,1078,Level 1,15,-4.25868,1110,Level 1,Level1|Level1,N
596,44,1.7659,1590,Level 4,35,1.7659,1431,Level 3,Level4|Level3,N
597,47,2.53253,1655,Level 4,51,2.53253,1801,Level 4,Level4|Level4,Y
598,53,6.66696,2007,Level 4,53,6.66696,2007,Level 4,Level4|Level4,Y
599,40,0.89761,1516,Level 4,49,0.89761,1712,Level 4,Level4|Level4,Y
600,44,1.7659,1590,Level 4,50,1.7659,1750,Level 4,Level4|Level4,Y
601,33,-0.4999,1398,Level 3,31,-0.4999,1364,Level 3,Level3|Level3,N
602,24,-2.29479,1245,Level 2,6,-2.29479,801,Level 1,Level2|Level1,N
603,43,1.53885,1571,Level 4,45,1.53885,1610,Level 4,Level4|Level4,Y
604,21,-2.85165,1198,Level 2,35,-2.85165,1431,Level 3,Level2|Level3,Y
605,22,-2.66958,1213,Level 2,44,-2.66958,1590,Level 4,Level2|Level4,Y
606,45,2.00383,1610,Level 4,34,2.00383,1414,Level 3,Level4|Level3,N
607,40,0.89761,1516,Level 4,49,0.89761,1712,Level 4,Level4|Level4,Y
608,40,0.89761,1516,Level 4,36,0.89761,1448,Level 4,Level4|Level4,Y
609,43,1.53885,1571,Level 4,52,1.53885,1883,Level 4,Level4|Level4,Y
610,20,-3.02997,1182,Level 2,30,-3.02997,1346,Level 3,Level2|Level3,Y
611,25,-2.10236,1261,Level 2,29,-2.10236,1329,Level 3,Level2|Level3,Y
612,23,-2.48391,1229,Level 2,47,-2.48391,1655,Level 4,Level2|Level4,Y
613,21,-2.85165,1198,Level 2,53,-2.85165,2007,Level 4,Level2|Level4,Y
614,49,3.20105,1712,Level 4,48,3.20105,1681,Level 4,Level4|Level4,Y
615,39,0.69212,1499,Level 4,45,0.69212,1610,Level 4,Level4|Level4,Y
616,43,1.53885,1571,Level 4,47,1.53885,1655,Level 4,Level4|Level4,Y
617,29,-1.30428,1329,Level 3,40,-1.30428,1516,Level 4,Level3|Level4,Y
618,16,-3.71394,1124,Level 2,29,-3.71394,1329,Level 3,Level2|Level3,Y
619,31,-0.89878,1364,Level 3,42,-0.89878,1552,Level 4,Level3|Level4,Y
620,19,-3.20457,1168,Level 2,32,-3.20457,1381,Level 3,Level2|Level3,Y
621,36,0.09042,1448,Level 4,46,0.09042,1632,Level 4,Level4|Level4,Y
622,33,-0.4999,1398,Level 3,48,-0.4999,1681,Level 4,Level3|Level4,Y
623,46,2.25709,1632,Level 4,51,2.25709,1801,Level 4,Level4|Level4,Y
624,33,-0.4999,1398,Level 3,45,-0.4999,1610,Level 4,Level3|Level4,Y
625,5,-7.52013,801,Level 1,26,-7.52013,1278,Level 3,Level1|Level3,Y
626,35,-0.10659,1431,Level 3,45,-0.10659,1610,Level 4,Level3|Level4,Y
627,35,-0.10659,1431,Level 3,38,-0.10659,1482,Level 4,Level3|Level4,Y
628,26,-1.90673,1278,Level 3,46,-1.90673,1632,Level 4,Level3|Level4,Y
629,40,0.89761,1516,Level 4,45,0.89761,1610,Level 4,Level4|Level4,Y
630,22,-2.66958,1213,Level 2,40,-2.66958,1516,Level 4,Level2|Level4,Y
631,34,-0.303,1414,Level 3,51,-0.303,1801,Level 4,Level3|Level4,Y
632,26,-1.90673,1278,Level 3,38,-1.90673,1482,Level 4,Level3|Level4,Y
633,29,-1.30428,1329,Level 3,25,-1.30428,1261,Level 2,Level3|Level2,N
634,44,1.7659,1590,Level 4,53,1.7659,2007,Level 4,Level4|Level4,Y
635,38,0.48934,1482,Level 4,31,0.48934,1364,Level 3,Level4|Level3,N
636,24,-2.29479,1245,Level 2,25,-2.29479,1261,Level 2,Level2|Level2,N
637,9,-5.50812,972,Level 1,28,-5.50812,1312,Level 3,Level1|Level3,Y
638,18,-3.37587,1153,Level 2,26,-3.37587,1278,Level 3,Level2|Level3,Y
639,38,0.48934,1482,Level 4,38,0.48934,1482,Level 4,Level4|Level4,Y
640,32,-0.69832,1381,Level 3,46,-0.69832,1632,Level 4,Level3|Level4,Y
641,35,-0.10659,1431,Level 3,45,-0.10659,1610,Level 4,Level3|Level4,Y
642,29,-1.30428,1329,Level 3,48,-1.30428,1681,Level 4,Level3|Level4,Y
643,23,-2.48391,1229,Level 2,38,-2.48391,1482,Level 4,Level2|Level4,Y
644,32,-0.69832,1381,Level 3,50,-0.69832,1750,Level 4,Level3|Level4,Y
645,28,-1.50703,1312,Level 3,35,-1.50703,1431,Level 3,Level3|Level3,N
646,20,-3.02997,1182,Level 2,39,-3.02997,1499,Level 4,Level2|Level4,Y
647,40,0.89761,1516,Level 4,32,0.89761,1381,Level 3,Level4|Level3,N
648,34,-0.303,1414,Level 3,40,-0.303,1516,Level 4,Level3|Level4,Y
649,40,0.89761,1516,Level 4,53,0.89761,2007,Level 4,Level4|Level4,Y
650,36,0.09042,1448,Level 4,42,0.09042,1552,Level 4,Level4|Level4,Y
651,17,-3.54499,1139,Level 2,26,-3.54499,1278,Level 3,Level2|Level3,Y
652,34,-0.303,1414,Level 3,45,-0.303,1610,Level 4,Level3|Level4,Y
653,22,-2.66958,1213,Level 2,46,-2.66958,1632,Level 4,Level2|Level4,Y
654,5,-7.52013,801,Level 1,30,-7.52013,1346,Level 3,Level1|Level3,Y
655,5,-7.52013,801,Level 1,23,-7.52013,1229,Level 2,Level1|Level2,Y
656,25,-2.10236,1261,Level 2,40,-2.10236,1516,Level 4,Level2|Level4,Y
657,42,1.31973,1552,Level 4,44,1.31973,1590,Level 4,Level4|Level4,Y
658,32,-0.69832,1381,Level 3,33,-0.69832,1398,Level 3,Level3|Level3,N
659,20,-3.02997,1182,Level 2,19,-3.02997,1168,Level 2,Level2|Level2,N
660,37,0.28888,1465,Level 4,43,0.28888,1571,Level 4,Level4|Level4,Y
661,0,-7.52013,801,Level 1,15,-7.52013,1110,Level 1,Level1|Level1,N
662,37,0.28888,1465,Level 4,48,0.28888,1681,Level 4,Level4|Level4,Y
663,4,-7.52013,801,Level 1,2,-7.52013,801,Level 1,Level1|Level1,N
664,31,-0.89878,1364,Level 3,27,-0.89878,1295,Level 3,Level3|Level3,N
665,30,-1.10109,1346,Level 3,36,-1.10109,1448,Level 4,Level3|Level4,Y
666,37,0.28888,1465,Level 4,43,0.28888,1571,Level 4,Level4|Level4,Y
667,43,1.53885,1571,Level 4,30,1.53885,1346,Level 3,Level4|Level3,N
668,44,1.7659,1590,Level 4,53,1.7659,2007,Level 4,Level4|Level4,Y
669,24,-2.29479,1245,Level 2,36,-2.29479,1448,Level 4,Level2|Level4,Y
670,11,-4.73272,1038,Level 1,26,-4.73272,1278,Level 3,Level1|Level3,Y
671,44,1.7659,1590,Level 4,46,1.7659,1632,Level 4,Level4|Level4,Y
672,35,-0.10659,1431,Level 3,49,-0.10659,1712,Level 4,Level3|Level4,Y
673,49,3.20105,1712,Level 4,53,3.20105,2007,Level 4,Level4|Level4,Y
674,43,1.53885,1571,Level 4,35,1.53885,1431,Level 3,Level4|Level3,N
675,34,-0.303,1414,Level 3,31,-0.303,1364,Level 3,Level3|Level3,N
676,31,-0.89878,1364,Level 3,52,-0.89878,1883,Level 4,Level3|Level4,Y
677,45,2.00383,1610,Level 4,43,2.00383,1571,Level 4,Level4|Level4,Y
678,50,3.64646,1750,Level 4,53,3.64646,2007,Level 4,Level4|Level4,Y
679,34,-0.303,1414,Level 3,39,-0.303,1499,Level 4,Level3|Level4,Y
680,32,-0.69832,1381,Level 3,13,-0.69832,1078,Level 1,Level3|Level1,N
681,46,2.25709,1632,Level 4,48,2.25709,1681,Level 4,Level4|Level4,Y
682,20,-3.02997,1182,Level 2,38,-3.02997,1482,Level 4,Level2|Level4,Y
683,22,-2.66958,1213,Level 2,49,-2.66958,1712,Level 4,Level2|Level4,Y
684,14,-4.06526,1094,Level 1,24,-4.06526,1245,Level 2,Level1|Level2,Y
685,40,0.89761,1516,Level 4,37,0.89761,1465,Level 4,Level4|Level4,Y
686,24,-2.29479,1245,Level 2,20,-2.29479,1182,Level 2,Level2|Level2,N
687,42,1.31973,1552,Level 4,51,1.31973,1801,Level 4,Level4|Level4,Y
688,6,-7.52013,801,Level 1,29,-7.52013,1329,Level 3,Level1|Level3,Y
689,42,1.31973,1552,Level 4,30,1.31973,1346,Level 3,Level4|Level3,N
690,36,0.09042,1448,Level 4,47,0.09042,1655,Level 4,Level4|Level4,Y
691,28,-1.50703,1312,Level 3,40,-1.50703,1516,Level 4,Level3|Level4,Y
692,30,-1.10109,1346,Level 3,43,-1.10109,1571,Level 4,Level3|Level4,Y
693,27,-1.70813,1295,Level 3,40,-1.70813,1516,Level 4,Level3|Level4,Y
694,42,1.31973,1552,Level 4,34,1.31973,1414,Level 3,Level4|Level3,N
695,15,-3.88586,1110,Level 1,30,-3.88586,1346,Level 3,Level1|Level3,Y
696,14,-4.06526,1094,Level 1,25,-4.06526,1261,Level 2,Level1|Level2,Y
697,25,-2.10236,1261,Level 2,26,-2.10236,1278,Level 3,Level2|Level3,Y
698,34,-0.303,1414,Level 3,46,-0.303,1632,Level 4,Level3|Level4,Y
699,24,-2.29479,1245,Level 2,36,-2.29479,1448,Level 4,Level2|Level4,Y
700,37,0.28888,1465,Level 4,50,0.28888,1750,Level 4,Level4|Level4,Y
701,22,-2.66958,1213,Level 2,41,-2.66958,1534,Level 4,Level2|Level4,Y
702,22,-2.66958,1213,Level 2,45,-2.66958,1610,Level 4,Level2|Level4,Y
703,39,0.69212,1499,Level 4,35,0.69212,1431,Level 3,Level4|Level3,N
704,44,1.7659,1590,Level 4,45,1.7659,1610,Level 4,Level4|Level4,Y
705,40,0.89761,1516,Level 4,48,0.89761,1681,Level 4,Level4|Level4,Y
706,4,-7.52013,801,Level 1,20,-7.52013,1182,Level 2,Level1|Level2,Y
707,1,-7.52013,801,Level 1,17,-7.52013,1139,Level 2,Level1|Level2,Y
708,38,0.48934,1482,Level 4,51,0.48934,1801,Level 4,Level4|Level4,Y
709,8,-6.26205,908,Level 1,30,-6.26205,1346,Level 3,Level1|Level3,Y
710,26,-1.90673,1278,Level 3,51,-1.90673,1801,Level 4,Level3|Level4,Y
711,24,-2.29479,1245,Level 2,44,-2.29479,1590,Level 4,Level2|Level4,Y
712,20,-3.02997,1182,Level 2,40,-3.02997,1516,Level 4,Level2|Level4,Y
713,45,2.00383,1610,Level 4,53,2.00383,2007,Level 4,Level4|Level4,Y
714,41,1.10648,1534,Level 4,20,1.10648,1182,Level 2,Level4|Level2,N
715,40,0.89761,1516,Level 4,41,0.89761,1534,Level 4,Level4|Level4,Y
716,23,-2.48391,1229,Level 2,49,-2.48391,1712,Level 4,Level2|Level4,Y
717,28,-1.50703,1312,Level 3,46,-1.50703,1632,Level 4,Level3|Level4,Y
718,39,0.69212,1499,Level 4,50,0.69212,1750,Level 4,Level4|Level4,Y
719,13,-4.25868,1078,Level 1,15,-4.25868,1110,Level 1,Level1|Level1,N
720,42,1.31973,1552,Level 4,51,1.31973,1801,Level 4,Level4|Level4,Y
721,29,-1.30428,1329,Level 3,42,-1.30428,1552,Level 4,Level3|Level4,Y
722,41,1.10648,1534,Level 4,47,1.10648,1655,Level 4,Level4|Level4,Y
723,25,-2.10236,1261,Level 2,42,-2.10236,1552,Level 4,Level2|Level4,Y
724,22,-2.66958,1213,Level 2,32,-2.66958,1381,Level 3,Level2|Level3,Y
725,37,0.28888,1465,Level 4,37,0.28888,1465,Level 4,Level4|Level4,Y
726,19,-3.20457,1168,Level 2,37,-3.20457,1465,Level 4,Level2|Level4,Y
727,15,-3.88586,1110,Level 1,36,-3.88586,1448,Level 4,Level1|Level4,Y
728,35,-0.10659,1431,Level 3,27,-0.10659,1295,Level 3,Level3|Level3,N
729,33,-0.4999,1398,Level 3,46,-0.4999,1632,Level 4,Level3|Level4,Y
730,24,-2.29479,1245,Level 2,42,-2.29479,1552,Level 4,Level2|Level4,Y
731,4,-7.52013,801,Level 1,30,-7.52013,1346,Level 3,Level1|Level3,Y
732,24,-2.29479,1245,Level 2,52,-2.29479,1883,Level 4,Level2|Level4,Y
733,24,-2.29479,1245,Level 2,14,-2.29479,1094,Level 1,Level2|Level1,N
734,46,2.25709,1632,Level 4,50,2.25709,1750,Level 4,Level4|Level4,Y
735,39,0.69212,1499,Level 4,41,0.69212,1534,Level 4,Level4|Level4,Y
736,21,-2.85165,1198,Level 2,47,-2.85165,1655,Level 4,Level2|Level4,Y
737,42,1.31973,1552,Level 4,52,1.31973,1883,Level 4,Level4|Level4,Y
738,44,1.7659,1590,Level 4,53,1.7659,2007,Level 4,Level4|Level4,Y
739,45,2.00383,1610,Level 4,32,2.00383,1381,Level 3,Level4|Level3,N
740,38,0.48934,1482,Level 4,31,0.48934,1364,Level 3,Level4|Level3,N
741,51,4.25021,1801,Level 4,53,4.25021,2007,Level 4,Level4|Level4,Y
742,36,0.09042,1448,Level 4,29,0.09042,1329,Level 3,Level4|Level3,N
743,33,-0.4999,1398,Level 3,36,-0.4999,1448,Level 4,Level3|Level4,Y
744,41,1.10648,1534,Level 4,46,1.10648,1632,Level 4,Level4|Level4,Y
745,34,-0.303,1414,Level 3,48,-0.303,1681,Level 4,Level3|Level4,Y
746,21,-2.85165,1198,Level 2,19,-2.85165,1168,Level 2,Level2|Level2,N
747,19,-3.20457,1168,Level 2,48,-3.20457,1681,Level 4,Level2|Level4,Y
748,20,-3.02997,1182,Level 2,31,-3.02997,1364,Level 3,Level2|Level3,Y
749,8,-6.26205,908,Level 1,34,-6.26205,1414,Level 3,Level1|Level3,Y
750,24,-2.29479,1245,Level 2,31,-2.29479,1364,Level 3,Level2|Level3,Y
751,50,3.64646,1750,Level 4,48,3.64646,1681,Level 4,Level4|Level4,Y
752,34,-0.303,1414,Level 3,39,-0.303,1499,Level 4,Level3|Level4,Y
753,26,-1.90673,1278,Level 3,29,-1.90673,1329,Level 3,Level3|Level3,N
754,31,-0.89878,1364,Level 3,51,-0.89878,1801,Level 4,Level3|Level4,Y
755,16,-3.71394,1124,Level 2,38,-3.71394,1482,Level 4,Level2|Level4,Y
756,28,-1.50703,1312,Level 3,49,-1.50703,1712,Level 4,Level3|Level4,Y
757,38,0.48934,1482,Level 4,32,0.48934,1381,Level 3,Level4|Level3,N
758,46,2.25709,1632,Level 4,31,2.25709,1364,Level 3,Level4|Level3,N
759,26,-1.90673,1278,Level 3,42,-1.90673,1552,Level 4,Level3|Level4,Y
760,34,-0.303,1414,Level 3,41,-0.303,1534,Level 4,Level3|Level4,Y
761,20,-3.02997,1182,Level 2,9,-3.02997,972,Level 1,Level2|Level1,N
762,29,-1.30428,1329,Level 3,8,-1.30428,908,Level 1,Level3|Level1,N
763,15,-3.88586,1110,Level 1,17,-3.88586,1139,Level 2,Level1|Level2,Y
764,47,2.53253,1655,Level 4,52,2.53253,1883,Level 4,Level4|Level4,Y
765,37,0.28888,1465,Level 4,46,0.28888,1632,Level 4,Level4|Level4,Y
766,31,-0.89878,1364,Level 3,36,-0.89878,1448,Level 4,Level3|Level4,Y
767,43,1.53885,1571,Level 4,52,1.53885,1883,Level 4,Level4|Level4,Y
768,22,-2.66958,1213,Level 2,31,-2.66958,1364,Level 3,Level2|Level3,Y
769,5,-7.52013,801,Level 1,21,-7.52013,1198,Level 2,Level1|Level2,Y
770,26,-1.90673,1278,Level 3,16,-1.90673,1124,Level 2,Level3|Level2,N
771,43,1.53885,1571,Level 4,41,1.53885,1534,Level 4,Level4|Level4,Y
772,40,0.89761,1516,Level 4,36,0.89761,1448,Level 4,Level4|Level4,Y
773,38,0.48934,1482,Level 4,39,0.48934,1499,Level 4,Level4|Level4,Y
774,21,-2.85165,1198,Level 2,28,-2.85165,1312,Level 3,Level2|Level3,Y
775,29,-1.30428,1329,Level 3,35,-1.30428,1431,Level 3,Level3|Level3,N
776,6,-7.52013,801,Level 1,27,-7.52013,1295,Level 3,Level1|Level3,Y
777,21,-2.85165,1198,Level 2,49,-2.85165,1712,Level 4,Level2|Level4,Y
778,26,-1.90673,1278,Level 3,47,-1.90673,1655,Level 4,Level3|Level4,Y
779,24,-2.29479,1245,Level 2,32,-2.29479,1381,Level 3,Level2|Level3,Y
780,42,1.31973,1552,Level 4,45,1.31973,1610,Level 4,Level4|Level4,Y
781,14,-4.06526,1094,Level 1,27,-4.06526,1295,Level 3,Level1|Level3,Y
782,25,-2.10236,1261,Level 2,23,-2.10236,1229,Level 2,Level2|Level2,N
783,20,-3.02997,1182,Level 2,21,-3.02997,1198,Level 2,Level2|Level2,N
784,34,-0.303,1414,Level 3,30,-0.303,1346,Level 3,Level3|Level3,N
785,30,-1.10109,1346,Level 3,52,-1.10109,1883,Level 4,Level3|Level4,Y
786,15,-3.88586,1110,Level 1,38,-3.88586,1482,Level 4,Level1|Level4,Y
787,51,4.25021,1801,Level 4,53,4.25021,2007,Level 4,Level4|Level4,Y
788,49,3.20105,1712,Level 4,53,3.20105,2007,Level 4,Level4|Level4,Y
789,39,0.69212,1499,Level 4,29,0.69212,1329,Level 3,Level4|Level3,N
790,31,-0.89878,1364,Level 3,43,-0.89878,1571,Level 4,Level3|Level4,Y
791,18,-3.37587,1153,Level 2,19,-3.37587,1168,Level 2,Level2|Level2,N
792,26,-1.90673,1278,Level 3,36,-1.90673,1448,Level 4,Level3|Level4,Y
793,32,-0.69832,1381,Level 3,38,-0.69832,1482,Level 4,Level3|Level4,Y
794,20,-3.02997,1182,Level 2,19,-3.02997,1168,Level 2,Level2|Level2,N
795,38,0.48934,1482,Level 4,53,0.48934,2007,Level 4,Level4|Level4,Y
796,20,-3.02997,1182,Level 2,32,-3.02997,1381,Level 3,Level2|Level3,Y
797,42,1.31973,1552,Level 4,52,1.31973,1883,Level 4,Level4|Level4,Y
798,26,-1.90673,1278,Level 3,43,-1.90673,1571,Level 4,Level3|Level4,Y
799,30,-1.10109,1346,Level 3,38,-1.10109,1482,Level 4,Level3|Level4,Y
800,39,0.69212,1499,Level 4,36,0.69212,1448,Level 4,Level4|Level4,Y
801,45,2.00383,1610,Level 4,51,2.00383,1801,Level 4,Level4|Level4,Y
802,11,-4.73272,1038,Level 1,39,-4.73272,1499,Level 4,Level1|Level4,Y
803,23,-2.48391,1229,Level 2,28,-2.48391,1312,Level 3,Level2|Level3,Y
804,25,-2.10236,1261,Level 2,34,-2.10236,1414,Level 3,Level2|Level3,Y
805,16,-3.71394,1124,Level 2,34,-3.71394,1414,Level 3,Level2|Level3,Y
806,37,0.28888,1465,Level 4,28,0.28888,1312,Level 3,Level4|Level3,N
807,7,-7.52013,801,Level 1,25,-7.52013,1261,Level 2,Level1|Level2,Y
808,33,-0.4999,1398,Level 3,49,-0.4999,1712,Level 4,Level3|Level4,Y
809,34,-0.303,1414,Level 3,38,-0.303,1482,Level 4,Level3|Level4,Y
810,3,-7.52013,801,Level 1,26,-7.52013,1278,Level 3,Level1|Level3,Y
811,13,-4.25868,1078,Level 1,30,-4.25868,1346,Level 3,Level1|Level3,Y
812,10,-5.05711,1010,Level 1,27,-5.05711,1295,Level 3,Level1|Level3,Y
813,28,-1.50703,1312,Level 3,36,-1.50703,1448,Level 4,Level3|Level4,Y
814,29,-1.30428,1329,Level 3,25,-1.30428,1261,Level 2,Level3|Level2,N
815,53,6.66696,2007,Level 4,51,6.66696,1801,Level 4,Level4|Level4,Y
816,35,-0.10659,1431,Level 3,27,-0.10659,1295,Level 3,Level3|Level3,N
817,31,-0.89878,1364,Level 3,49,-0.89878,1712,Level 4,Level3|Level4,Y
818,35,-0.10659,1431,Level 3,29,-0.10659,1329,Level 3,Level3|Level3,N
819,46,2.25709,1632,Level 4,49,2.25709,1712,Level 4,Level4|Level4,Y
820,38,0.48934,1482,Level 4,51,0.48934,1801,Level 4,Level4|Level4,Y
821,31,-0.89878,1364,Level 3,34,-0.89878,1414,Level 3,Level3|Level3,N
822,46,2.25709,1632,Level 4,49,2.25709,1712,Level 4,Level4|Level4,Y
823,32,-0.69832,1381,Level 3,39,-0.69832,1499,Level 4,Level3|Level4,Y
824,29,-1.30428,1329,Level 3,34,-1.30428,1414,Level 3,Level3|Level3,N
825,49,3.20105,1712,Level 4,52,3.20105,1883,Level 4,Level4|Level4,Y
826,23,-2.48391,1229,Level 2,41,-2.48391,1534,Level 4,Level2|Level4,Y
827,15,-3.88586,1110,Level 1,23,-3.88586,1229,Level 2,Level1|Level2,Y
828,27,-1.70813,1295,Level 3,13,-1.70813,1078,Level 1,Level3|Level1,N
829,26,-1.90673,1278,Level 3,45,-1.90673,1610,Level 4,Level3|Level4,Y
830,32,-0.69832,1381,Level 3,36,-0.69832,1448,Level 4,Level3|Level4,Y
831,23,-2.48391,1229,Level 2,42,-2.48391,1552,Level 4,Level2|Level4,Y
832,24,-2.29479,1245,Level 2,37,-2.29479,1465,Level 4,Level2|Level4,Y
833,17,-3.54499,1139,Level 2,38,-3.54499,1482,Level 4,Level2|Level4,Y
834,12,-4.47592,1060,Level 1,20,-4.47592,1182,Level 2,Level1|Level2,Y
835,33,-0.4999,1398,Level 3,37,-0.4999,1465,Level 4,Level3|Level4,Y
836,46,2.25709,1632,Level 4,36,2.25709,1448,Level 4,Level4|Level4,Y
837,18,-3.37587,1153,Level 2,30,-3.37587,1346,Level 3,Level2|Level3,Y
838,10,-5.05711,1010,Level 1,28,-5.05711,1312,Level 3,Level1|Level3,Y
839,31,-0.89878,1364,Level 3,40,-0.89878,1516,Level 4,Level3|Level4,Y
840,8,-6.26205,908,Level 1,13,-6.26205,1078,Level 1,Level1|Level1,N
841,40,0.89761,1516,Level 4,41,0.89761,1534,Level 4,Level4|Level4,Y
842,7,-7.52013,801,Level 1,33,-7.52013,1398,Level 3,Level1|Level3,Y
843,47,2.53253,1655,Level 4,39,2.53253,1499,Level 4,Level4|Level4,Y
844,49,3.20105,1712,Level 4,52,3.20105,1883,Level 4,Level4|Level4,Y
845,19,-3.20457,1168,Level 2,35,-3.20457,1431,Level 3,Level2|Level3,Y
846,32,-0.69832,1381,Level 3,39,-0.69832,1499,Level 4,Level3|Level4,Y
847,25,-2.10236,1261,Level 2,51,-2.10236,1801,Level 4,Level2|Level4,Y
848,29,-1.30428,1329,Level 3,39,-1.30428,1499,Level 4,Level3|Level4,Y
849,14,-4.06526,1094,Level 1,25,-4.06526,1261,Level 2,Level1|Level2,Y
850,18,-3.37587,1153,Level 2,38,-3.37587,1482,Level 4,Level2|Level4,Y
851,21,-2.85165,1198,Level 2,36,-2.85165,1448,Level 4,Level2|Level4,Y
852,37,0.28888,1465,Level 4,46,0.28888,1632,Level 4,Level4|Level4,Y
853,25,-2.10236,1261,Level 2,34,-2.10236,1414,Level 3,Level2|Level3,Y
854,37,0.28888,1465,Level 4,46,0.28888,1632,Level 4,Level4|Level4,Y
855,16,-3.71394,1124,Level 2,33,-3.71394,1398,Level 3,Level2|Level3,Y
856,51,4.25021,1801,Level 4,47,4.25021,1655,Level 4,Level4|Level4,Y
857,40,0.89761,1516,Level 4,41,0.89761,1534,Level 4,Level4|Level4,Y
858,11,-4.73272,1038,Level 1,28,-4.73272,1312,Level 3,Level1|Level3,Y
859,21,-2.85165,1198,Level 2,38,-2.85165,1482,Level 4,Level2|Level4,Y
860,30,-1.10109,1346,Level 3,18,-1.10109,1153,Level 2,Level3|Level2,N
861,8,-6.26205,908,Level 1,19,-6.26205,1168,Level 2,Level1|Level2,Y
862,30,-1.10109,1346,Level 3,51,-1.10109,1801,Level 4,Level3|Level4,Y
863,20,-3.02997,1182,Level 2,27,-3.02997,1295,Level 3,Level2|Level3,Y
864,19,-3.20457,1168,Level 2,45,-3.20457,1610,Level 4,Level2|Level4,Y
865,31,-0.89878,1364,Level 3,33,-0.89878,1398,Level 3,Level3|Level3,N
866,24,-2.29479,1245,Level 2,51,-2.29479,1801,Level 4,Level2|Level4,Y
867,25,-2.10236,1261,Level 2,19,-2.10236,1168,Level 2,Level2|Level2,N
868,48,2.84106,1681,Level 4,52,2.84106,1883,Level 4,Level4|Level4,Y
869,41,1.10648,1534,Level 4,53,1.10648,2007,Level 4,Level4|Level4,Y
870,39,0.69212,1499,Level 4,45,0.69212,1610,Level 4,Level4|Level4,Y
871,10,-5.05711,1010,Level 1,21,-5.05711,1198,Level 2,Level1|Level2,Y
872,11,-4.73272,1038,Level 1,25,-4.73272,1261,Level 2,Level1|Level2,Y
873,13,-4.25868,1078,Level 1,29,-4.25868,1329,Level 3,Level1|Level3,Y
874,14,-4.06526,1094,Level 1,35,-4.06526,1431,Level 3,Level1|Level3,Y
875,6,-7.52013,801,Level 1,43,-7.52013,1571,Level 4,Level1|Level4,Y
876,25,-2.10236,1261,Level 2,36,-2.10236,1448,Level 4,Level2|Level4,Y
877,16,-3.71394,1124,Level 2,43,-3.71394,1571,Level 4,Level2|Level4,Y
878,9,-5.50812,972,Level 1,48,-5.50812,1681,Level 4,Level1|Level4,Y
879,30,-1.10109,1346,Level 3,37,-1.10109,1465,Level 4,Level3|Level4,Y
880,22,-2.66958,1213,Level 2,51,-2.66958,1801,Level 4,Level2|Level4,Y
881,24,-2.29479,1245,Level 2,30,-2.29479,1346,Level 3,Level2|Level3,Y
882,37,0.28888,1465,Level 4,40,0.28888,1516,Level 4,Level4|Level4,Y
883,36,0.09042,1448,Level 4,45,0.09042,1610,Level 4,Level4|Level4,Y
884,34,-0.303,1414,Level 3,36,-0.303,1448,Level 4,Level3|Level4,Y
885,50,3.64646,1750,Level 4,49,3.64646,1712,Level 4,Level4|Level4,Y
886,18,-3.37587,1153,Level 2,31,-3.37587,1364,Level 3,Level2|Level3,Y
887,20,-3.02997,1182,Level 2,34,-3.02997,1414,Level 3,Level2|Level3,Y
888,28,-1.50703,1312,Level 3,21,-1.50703,1198,Level 2,Level3|Level2,N
889,30,-1.10109,1346,Level 3,27,-1.10109,1295,Level 3,Level3|Level3,N
890,33,-0.4999,1398,Level 3,43,-0.4999,1571,Level 4,Level3|Level4,Y
891,0,-7.52013,801,Level 1,19,-7.52013,1168,Level 2,Level1|Level2,Y
892,37,0.28888,1465,Level 4,44,0.28888,1590,Level 4,Level4|Level4,Y
893,28,-1.50703,1312,Level 3,33,-1.50703,1398,Level 3,Level3|Level3,N
894,27,-1.70813,1295,Level 3,40,-1.70813,1516,Level 4,Level3|Level4,Y
895,27,-1.70813,1295,Level 3,20,-1.70813,1182,Level 2,Level3|Level2,N
896,40,0.89761,1516,Level 4,38,0.89761,1482,Level 4,Level4|Level4,Y
897,8,-6.26205,908,Level 1,18,-6.26205,1153,Level 2,Level1|Level2,Y
898,4,-7.52013,801,Level 1,19,-7.52013,1168,Level 2,Level1|Level2,Y
899,37,0.28888,1465,Level 4,44,0.28888,1590,Level 4,Level4|Level4,Y
900,6,-7.52013,801,Level 1,10,-7.52013,1010,Level 1,Level1|Level1,N
901,40,0.89761,1516,Level 4,51,0.89761,1801,Level 4,Level4|Level4,Y
902,5,-7.52013,801,Level 1,21,-7.52013,1198,Level 2,Level1|Level2,Y
903,35,-0.10659,1431,Level 3,25,-0.10659,1261,Level 2,Level3|Level2,N
904,27,-1.70813,1295,Level 3,43,-1.70813,1571,Level 4,Level3|Level4,Y
905,43,1.53885,1571,Level 4,49,1.53885,1712,Level 4,Level4|Level4,Y
906,12,-4.47592,1060,Level 1,36,-4.47592,1448,Level 4,Level1|Level4,Y
907,13,-4.25868,1078,Level 1,12,-4.25868,1060,Level 1,Level1|Level1,N
908,36,0.09042,1448,Level 4,38,0.09042,1482,Level 4,Level4|Level4,Y
909,12,-4.47592,1060,Level 1,14,-4.47592,1094,Level 1,Level1|Level1,N
910,44,1.7659,1590,Level 4,42,1.7659,1552,Level 4,Level4|Level4,Y
911,3,-7.52013,801,Level 1,22,-7.52013,1213,Level 2,Level1|Level2,Y
912,29,-1.30428,1329,Level 3,30,-1.30428,1346,Level 3,Level3|Level3,N
913,45,2.00383,1610,Level 4,52,2.00383,1883,Level 4,Level4|Level4,Y
914,30,-1.10109,1346,Level 3,42,-1.10109,1552,Level 4,Level3|Level4,Y
915,24,-2.29479,1245,Level 2,28,-2.29479,1312,Level 3,Level2|Level3,Y
916,39,0.69212,1499,Level 4,46,0.69212,1632,Level 4,Level4|Level4,Y
917,29,-1.30428,1329,Level 3,49,-1.30428,1712,Level 4,Level3|Level4,Y
918,49,3.20105,1712,Level 4,25,3.20105,1261,Level 2,Level4|Level2,N
919,42,1.31973,1552,Level 4,45,1.31973,1610,Level 4,Level4|Level4,Y
920,44,1.7659,1590,Level 4,46,1.7659,1632,Level 4,Level4|Level4,Y
921,52,5.21616,1883,Level 4,52,5.21616,1883,Level 4,Level4|Level4,Y
922,34,-0.303,1414,Level 3,34,-0.303,1414,Level 3,Level3|Level3,N
923,7,-7.52013,801,Level 1,28,-7.52013,1312,Level 3,Level1|Level3,Y
924,2,-7.52013,801,Level 1,46,-7.52013,1632,Level 4,Level1|Level4,Y
925,26,-1.90673,1278,Level 3,48,-1.90673,1681,Level 4,Level3|Level4,Y
926,6,-7.52013,801,Level 1,27,-7.52013,1295,Level 3,Level1|Level3,Y
927,45,2.00383,1610,Level 4,53,2.00383,2007,Level 4,Level4|Level4,Y
928,16,-3.71394,1124,Level 2,21,-3.71394,1198,Level 2,Level2|Level2,N
929,42,1.31973,1552,Level 4,47,1.31973,1655,Level 4,Level4|Level4,Y
930,36,0.09042,1448,Level 4,50,0.09042,1750,Level 4,Level4|Level4,Y
931,30,-1.10109,1346,Level 3,37,-1.10109,1465,Level 4,Level3|Level4,Y
932,41,1.10648,1534,Level 4,52,1.10648,1883,Level 4,Level4|Level4,Y
933,37,0.28888,1465,Level 4,44,0.28888,1590,Level 4,Level4|Level4,Y
934,16,-3.71394,1124,Level 2,47,-3.71394,1655,Level 4,Level2|Level4,Y
935,17,-3.54499,1139,Level 2,39,-3.54499,1499,Level 4,Level2|Level4,Y
936,48,2.84106,1681,Level 4,51,2.84106,1801,Level 4,Level4|Level4,Y
937,27,-1.70813,1295,Level 3,50,-1.70813,1750,Level 4,Level3|Level4,Y
938,22,-2.66958,1213,Level 2,52,-2.66958,1883,Level 4,Level2|Level4,Y
939,9,-5.50812,972,Level 1,46,-5.50812,1632,Level 4,Level1|Level4,Y
940,28,-1.50703,1312,Level 3,48,-1.50703,1681,Level 4,Level3|Level4,Y
941,49,3.20105,1712,Level 4,45,3.20105,1610,Level 4,Level4|Level4,Y
942,32,-0.69832,1381,Level 3,52,-0.69832,1883,Level 4,Level3|Level4,Y
943,23,-2.48391,1229,Level 2,46,-2.48391,1632,Level 4,Level2|Level4,Y
944,15,-3.88586,1110,Level 1,27,-3.88586,1295,Level 3,Level1|Level3,Y
945,42,1.31973,1552,Level 4,35,1.31973,1431,Level 3,Level4|Level3,N
946,46,2.25709,1632,Level 4,45,2.25709,1610,Level 4,Level4|Level4,Y
947,24,-2.29479,1245,Level 2,48,-2.29479,1681,Level 4,Level2|Level4,Y
948,30,-1.10109,1346,Level 3,34,-1.10109,1414,Level 3,Level3|Level3,N
949,50,3.64646,1750,Level 4,39,3.64646,1499,Level 4,Level4|Level4,Y
950,6,-7.52013,801,Level 1,32,-7.52013,1381,Level 3,Level1|Level3,Y
951,8,-6.26205,908,Level 1,15,-6.26205,1110,Level 1,Level1|Level1,N
952,9,-5.50812,972,Level 1,34,-5.50812,1414,Level 3,Level1|Level3,Y
953,28,-1.50703,1312,Level 3,27,-1.50703,1295,Level 3,Level3|Level3,N
954,36,0.09042,1448,Level 4,26,0.09042,1278,Level 3,Level4|Level3,N
955,49,3.20105,1712,Level 4,23,3.20105,1229,Level 2,Level4|Level2,N
956,34,-0.303,1414,Level 3,36,-0.303,1448,Level 4,Level3|Level4,Y
957,8,-6.26205,908,Level 1,31,-6.26205,1364,Level 3,Level1|Level3,Y
958,36,0.09042,1448,Level 4,36,0.09042,1448,Level 4,Level4|Level4,Y
959,41,1.10648,1534,Level 4,48,1.10648,1681,Level 4,Level4|Level4,Y
960,22,-2.66958,1213,Level 2,40,-2.66958,1516,Level 4,Level2|Level4,Y
961,20,-3.02997,1182,Level 2,29,-3.02997,1329,Level 3,Level2|Level3,Y
962,11,-4.73272,1038,Level 1,27,-4.73272,1295,Level 3,Level1|Level3,Y
963,35,-0.10659,1431,Level 3,40,-0.10659,1516,Level 4,Level3|Level4,Y
964,43,1.53885,1571,Level 4,52,1.53885,1883,Level 4,Level4|Level4,Y
965,27,-1.70813,1295,Level 3,52,-1.70813,1883,Level 4,Level3|Level4,Y
966,39,0.69212,1499,Level 4,39,0.69212,1499,Level 4,Level4|Level4,Y
967,51,4.25021,1801,Level 4,49,4.25021,1712,Level 4,Level4|Level4,Y
968,33,-0.4999,1398,Level 3,48,-0.4999,1681,Level 4,Level3|Level4,Y
969,32,-0.69832,1381,Level 3,32,-0.69832,1381,Level 3,Level3|Level3,N
970,27,-1.70813,1295,Level 3,25,-1.70813,1261,Level 2,Level3|Level2,N
971,20,-3.02997,1182,Level 2,37,-3.02997,1465,Level 4,Level2|Level4,Y
972,5,-7.52013,801,Level 1,40,-7.52013,1516,Level 4,Level1|Level4,Y
973,14,-4.06526,1094,Level 1,23,-4.06526,1229,Level 2,Level1|Level2,Y
974,36,0.09042,1448,Level 4,38,0.09042,1482,Level 4,Level4|Level4,Y
975,32,-0.69832,1381,Level 3,35,-0.69832,1431,Level 3,Level3|Level3,N
976,12,-4.47592,1060,Level 1,46,-4.47592,1632,Level 4,Level1|Level4,Y
977,16,-3.71394,1124,Level 2,9,-3.71394,972,Level 1,Level2|Level1,N
978,36,0.09042,1448,Level 4,37,0.09042,1465,Level 4,Level4|Level4,Y
979,37,0.28888,1465,Level 4,45,0.28888,1610,Level 4,Level4|Level4,Y
980,25,-2.10236,1261,Level 2,32,-2.10236,1381,Level 3,Level2|Level3,Y
981,39,0.69212,1499,Level 4,39,0.69212,1499,Level 4,Level4|Level4,Y
982,28,-1.50703,1312,Level 3,37,-1.50703,1465,Level 4,Level3|Level4,Y
983,44,1.7659,1590,Level 4,49,1.7659,1712,Level 4,Level4|Level4,Y
984,45,2.00383,1610,Level 4,45,2.00383,1610,Level 4,Level4|Level4,Y
985,15,-3.88586,1110,Level 1,29,-3.88586,1329,Level 3,Level1|Level3,Y
986,8,-6.26205,908,Level 1,7,-6.26205,801,Level 1,Level1|Level1,N
987,27,-1.70813,1295,Level 3,43,-1.70813,1571,Level 4,Level3|Level4,Y
988,25,-2.10236,1261,Level 2,37,-2.10236,1465,Level 4,Level2|Level4,Y
989,38,0.48934,1482,Level 4,24,0.48934,1245,Level 2,Level4|Level2,N
990,34,-0.303,1414,Level 3,52,-0.303,1883,Level 4,Level3|Level4,Y
991,11,-4.73272,1038,Level 1,39,-4.73272,1499,Level 4,Level1|Level4,Y
992,34,-0.303,1414,Level 3,48,-0.303,1681,Level 4,Level3|Level4,Y
993,30,-1.10109,1346,Level 3,42,-1.10109,1552,Level 4,Level3|Level4,Y
994,11,-4.73272,1038,Level 1,8,-4.73272,908,Level 1,Level1|Level1,N
995,28,-1.50703,1312,Level 3,45,-1.50703,1610,Level 4,Level3|Level4,Y
996,35,-0.10659,1431,Level 3,44,-0.10659,1590,Level 4,Level3|Level4,Y
997,18,-3.37587,1153,Level 2,35,-3.37587,1431,Level 3,Level2|Level3,Y
998,28,-1.50703,1312,Level 3,47,-1.50703,1655,Level 4,Level3|Level4,Y
999,44,1.7659,1590,Level 4,43,1.7659,1571,Level 4,Level4|Level4,Y
1000,30,-1.10109,1346,Level 3,30,-1.10109,1346,Level 3,Level3|Level3,N
